<profiles>
	<profile name="My Default" lang="c">
		<P N="syntax_indent" V="4" E="1"/>
		<P N="tab_indent" V="4" E="1"/>
		<P N="indent_policy" V="12" E="1"/>
		<P N="indent_member_access" V="0" E="1"/>
		<P N="access_spec_indent" V="1" E="1"/>
		<P N="member_access_relative_indent" V="0" E="1"/>
		<P N="indent_case" V="0" E="1"/>
		<P N="case_indent_width" V="4" E="1"/>
		<P N="continuation_width" V="4" E="1"/>
		<P N="funcall_param_align" V="10" E="1"/>
		<P N="st_nl_file" V="4" E="1"/>
		<P N="original_tab" V="4" E="1"/>
		<P N="indent_use_tab" V="1" E="1"/>
		<P N="rm_trailing_ws" V="4" E="1"/>
		<P N="rm_dup_ws" V="0" E="1"/>
		<P N="max_line_len" V="80" E="0"/>
		<P N="indent_preprocessing" V="0" E="1"/>
		<P N="indent_in_block" V="0" E="1"/>
		<P N="indent_guard" V="0" E="1"/>
		<P N="indent_pp_col1" V="0" E="1"/>
		<P N="pp_indent_with_code" V="0" E="1"/>
		<P N="st_nl_empty" V="5" E="1"/>
		<P N="sp_catch_padparen" V="5" E="1"/>
		<P N="sp_switch_lparen" V="4" E="1"/>
		<P N="sp_arrayexpr_lbracket" V="5" E="1"/>
		<P N="sp_arraydecl_lbracket" V="5" E="1"/>
		<P N="st_fundecl_nameline" V="5" E="0"/>
		<P N="st_oneline_dowhile" V="4" E="1"/>
		<P N="sp_op_bitwise" V="3" E="1"/>
		<P N="st_oneline_catch" V="4" E="1"/>
		<P N="sp_for_lparen" V="4" E="1"/>
		<P N="sp_funcall_voidparen" V="5" E="1"/>
		<P N="sp_switch_padparen" V="5" E="1"/>
		<P N="sp_fun_padparen" V="5" E="1"/>
		<P N="sp_if_rparen" V="4" E="1"/>
		<P N="sp_op_bitand" V="0" E="1"/>
		<P N="sp_op_assignment" V="3" E="1"/>
		<P N="sp_for_comma" V="2" E="1"/>
		<P N="sp_funcall_comma" V="2" E="1"/>
		<P N="sp_arrayexpr_rbracket" V="5" E="1"/>
		<P N="sp_op_mult" V="3" E="1"/>
		<P N="sp_arraydecl_rbracket" V="5" E="1"/>
		<P N="sp_for_lbrace" V="1" E="0"/>
		<P N="st_oneline_then" V="4" E="1"/>
		<P N="sp_catch_lparen" V="4" E="1"/>
		<P N="sp_member_dot" V="0" E="1"/>
		<P N="sp_for_rparen" V="4" E="1"/>
		<P N="sp_while_rparen" V="4" E="1"/>
		<P N="sp_ret_parexpr" V="4" E="1"/>
		<P N="sp_throw_parexpr" V="4" E="1"/>
		<P N="st_oneline_statement" V="4" E="1"/>
		<P N="st_oneline_elsif" V="4" E="1"/>
		<P N="sp_op_unary" V="0" E="1"/>
		<P N="sp_op_binary" V="3" E="1"/>
		<P N="sp_op_comparison" V="3" E="1"/>
		<P N="sp_catch_rparen" V="4" E="1"/>
		<P N="sp_fun_lparen" V="5" E="1"/>
		<P N="sp_fun_voidparen" V="5" E="1"/>
		<P N="sp_while_lbrace" V="1" E="1"/>
		<P N="sp_switch_lbrace" V="1" E="1"/>
		<P N="sp_op_logical" V="3" E="1"/>
		<P N="sp_for_semicolon" V="2" E="1"/>
		<P N="st_nl_fn" V="4" E="0"/>
		<P N="sp_funcall_rparen" V="5" E="1"/>
		<P N="sp_funcall_lparen" V="5" E="1"/>
		<P N="sp_fun_comma" V="2" E="1"/>
		<P N="st_leave_declmult" V="4" E="1"/>
		<P N="sp_catch_lbrace" V="1" E="1"/>
		<P N="sp_fun_lbrace" V="3" E="1"/>
		<P N="sp_if_lbrace" V="1" E="1"/>
		<P N="sp_for_padparen" V="5" E="1"/>
		<P N="sp_switch_rparen" V="4" E="1"/>
		<P N="sp_op_prefix" V="0" E="1"/>
		<P N="sp_funcall_padparen" V="5" E="1"/>
		<P N="sp_while_padparen" V="5" E="1"/>
		<P N="sp_while_lparen" V="4" E="1"/>
		<P N="sp_fun_rparen" V="5" E="1"/>
		<P N="st_leave_stmtmult" V="4" E="1"/>
		<P N="sp_arrayexpr_padbracket" V="5" E="1"/>
		<P N="sp_arraydecl_padbracket" V="5" E="1"/>
		<P N="st_oneline_else" V="4" E="1"/>
		<P N="st_nl_case" V="4" E="1"/>
		<P N="sp_op_postfix" V="0" E="1"/>
		<P N="sp_if_lparen" V="4" E="1"/>
		<P N="sp_if_padparen" V="5" E="1"/>
		<P N="indent_first_level" V="1" E="1"/>
		<P N="indent_goto" V="0" E="1"/>
		<P N="align_on_equals" V="0" E="1"/>
		<P N="exp_paren_align" V="8" E="1"/>
		<P N="brace_loc_if" V="15" E="1"/>
		<P N="brace_loc_for" V="15" E="1"/>
		<P N="brace_loc_while" V="15" E="1"/>
		<P N="brace_loc_switch" V="15" E="1"/>
		<P N="brace_loc_do" V="15" E="1"/>
		<P N="brace_loc_try" V="15" E="1"/>
		<P N="brace_loc_catch" V="15" E="1"/>
		<P N="brace_loc_fun" V="15" E="1"/>
		<P N="comment_indent" V="4" E="1"/>
		<P N="comment_col1_indent" V="5" E="1"/>
		<P N="allow_one_line_block" V="4" E="1"/>
		<P N="st_newline_before_else" V="5" E="1"/>
		<P N="trailing_comment_align" V="2" E="1"/>
		<P N="trailing_comment_value" V="70" E="1"/>
		<P N="indent_from_brace" V="0" E="1"/>
		<P N="label_indent" V="1" E="1"/>
		<P N="sp_return_padparen" V="5" E="1"/>
		<P N="sp_return_rparen" V="5" E="1"/>
		<P N="sp_throw_padparen" V="5" E="1"/>
		<P N="sp_throw_rparen" V="5" E="1"/>
		<P N="sp_expr_lparen" V="5" E="1"/>
		<P N="sp_expr_padparen" V="5" E="1"/>
		<P N="sp_expr_rparen" V="5" E="1"/>
		<P N="sp_stmt_semicolon" V="4" E="1"/>
		<P N="sp_try_lbrace" V="3" E="1"/>
		<P N="brace_follows_case" V="0" E="1"/>
		<P N="nl_indent_lone_else" V="4" E="1"/>
		<P N="rw_force_throw_parens" V="21" E="0"/>
		<P N="rw_force_return_parens" V="21" E="0"/>
		<P N="force_param_void" V="4" E="0"/>
		<P N="sp_cast_lparen" V="5" E="1"/>
		<P N="sp_cast_padparen" V="5" E="1"/>
		<P N="sp_cast_rparen" V="5" E="1"/>
		<P N="blank_before_case" V="1" E="0"/>
		<P N="blank_before_first_case" V="0" E="0"/>
		<P N="bl_start_block_if" V="0" E="0"/>
		<P N="bl_end_block_if" V="0" E="0"/>
		<P N="bl_start_block_for" V="0" E="0"/>
		<P N="bl_end_block_for" V="0" E="0"/>
		<P N="bl_start_block_while" V="0" E="0"/>
		<P N="bl_end_block_while" V="0" E="0"/>
		<P N="bl_start_block_do" V="0" E="0"/>
		<P N="bl_end_block_do" V="0" E="0"/>
		<P N="bl_end_block_switch" V="0" E="0"/>
		<P N="bl_start_block_try" V="0" E="0"/>
		<P N="bl_start_block_catch" V="0" E="0"/>
		<P N="bl_end_block_catch" V="0" E="0"/>
		<P N="bl_start_block_method" V="0" E="0"/>
		<P N="bl_before_locals" V="1" E="0"/>
		<P N="bl_after_locals" V="1" E="0"/>
		<P N="varalign_justification" V="0" E="0"/>
		<P N="braceloc_multiline_cond" V="24" E="1"/>
		<P N="sp_stmt_before_semi" V="5" E="1"/>
		<P N="sp_enum_lbrace" V="1" E="1"/>
		<P N="sp_enum_comma" V="2" E="1"/>
		<P N="sp_fun_colon" V="3" E="1"/>
		<P N="st_nl_class" V="5" E="0"/>
		<P N="allow_class_one_line_block" V="4" E="1"/>
		<P N="sp_class_lbrace" V="1" E="1"/>
		<P N="sp_class_comma" V="2" E="1"/>
		<P N="sp_class_colon" V="3" E="1"/>
		<P N="brace_loc_class" V="15" E="1"/>
		<P N="indent_class_body" V="1" E="1"/>
		<P N="bl_before_first_decl" V="0" E="0"/>
		<P N="bl_between_methods" V="0" E="0"/>
		<P N="bl_between_fields" V="0" E="0"/>
		<P N="bl_between_commented_fields" V="1" E="0"/>
		<P N="bl_between_member_classes" V="0" E="0"/>
		<P N="bl_between_different_decls" V="0" E="0"/>
		<P N="bl_between_classes" V="0" E="0"/>
		<P N="bl_between_fn_prototypes" V="1" E="0"/>
		<P N="instvaralign_justification" V="0" E="0"/>
		<P N="sp_tmpldecl_lt" V="5" E="1"/>
		<P N="sp_tmpldecl_pad" V="5" E="1"/>
		<P N="sp_tmpldecl_comma" V="2" E="1"/>
		<P N="sp_tmpldecl_equals" V="3" E="1"/>
		<P N="sp_tmplparm_lt" V="5" E="1"/>
		<P N="sp_tmplparm_pad" V="5" E="1"/>
		<P N="sp_tmplparm_comma" V="2" E="1"/>
		<P N="jd_format_html" V="4" E="0"/>
		<P N="jd_format_pre" V="4" E="0"/>
		<P N="jd_indent_param_desc" V="4" E="0"/>
		<P N="jd_indent_past_param_name" V="4" E="0"/>
		<P N="jd_force_delim_nl" V="4" E="0"/>
		<P N="jd_blank_lines_before_tags" V="1" E="0"/>
		<P N="jd_rm_blank_lines" V="5" E="0"/>
		<P N="jd_between_diff_tags" V="1" E="0"/>
		<P N="jd_between_same_tags" V="0" E="0"/>
		<P N="dox_format_pre" V="4" E="0"/>
		<P N="dox_indent_param_desc" V="4" E="0"/>
		<P N="dox_indent_past_param_name" V="5" E="0"/>
		<P N="dox_force_delim_nl" V="4" E="0"/>
		<P N="dox_after_brief" V="1" E="0"/>
		<P N="dox_rm_blank_lines" V="5" E="0"/>
		<P N="dox_between_diff_tags" V="1" E="0"/>
		<P N="dox_between_same_tags" V="0" E="0"/>
		<P N="xdoc_format_pre" V="4" E="0"/>
		<P N="xdoc_between_diff_tags" V="1" E="0"/>
		<P N="xdoc_between_same_tags" V="0" E="0"/>
		<P N="xdoc_rm_blank_lines" V="4" E="0"/>
		<P N="xdoc_nl_after_opentag" V="4" E="0"/>
		<P N="xdoc_nl_before_closetag" V="4" E="0"/>
		<P N="sp_init_comma" V="2" E="1"/>
		<P N="sp_member_dotstar" V="0" E="1"/>
		<P N="sp_mptr_ccs" V="5" E="1"/>
		<P N="sp_delete_padbracket" V="5" E="1"/>
		<P N="sp_cppcast_pad" V="5" E="1"/>
		<P N="sp_ref_arp" V="5" E="1"/>
		<P N="sp_member_arrowstar" V="0" E="1"/>
		<P N="st_newline_after_extern" V="4" E="1"/>
		<P N="sp_struct_comma" V="2" E="1"/>
		<P N="sp_ptr_is" V="4" E="1"/>
		<P N="sp_fun_equals" V="3" E="1"/>
		<P N="sp_delete_rbracket" V="4" E="1"/>
		<P N="sp_ref_av" V="5" E="1"/>
		<P N="sp_new_lparen" V="5" E="1"/>
		<P N="sp_struct_colon" V="3" E="1"/>
		<P N="sp_ptr_srp" V="5" E="1"/>
		<P N="sp_funcall_operator" V="0" E="1"/>
		<P N="st_oneline_access" V="4" E="1"/>
		<P N="sp_cppcast_gt" V="5" E="1"/>
		<P N="sp_fun_commainit" V="2" E="1"/>
		<P N="sp_init_lbrace" V="2" E="1"/>
		<P N="sp_fun_operator" V="0" E="1"/>
		<P N="sp_ptr_ss" V="5" E="1"/>
		<P N="sp_tmplcall_pad" V="5" E="1"/>
		<P N="sp_ptr_sv" V="5" E="1"/>
		<P N="sp_union_lbrace" V="1" E="1"/>
		<P N="sp_new_rparen" V="4" E="1"/>
		<P N="sp_new_padparen" V="5" E="1"/>
		<P N="sp_enum_equals" V="3" E="1"/>
		<P N="sp_cppcast_lt" V="5" E="1"/>
		<P N="sp_enum_colon" V="3" E="1"/>
		<P N="sp_ptr_slp" V="5" E="1"/>
		<P N="sp_ptr_sa" V="5" E="1"/>
		<P N="sp_ref_ia" V="4" E="1"/>
		<P N="sp_tmplcall_comma" V="2" E="1"/>
		<P N="sp_tmplcall_lt" V="5" E="1"/>
		<P N="sp_ptr_si" V="5" E="1"/>
		<P N="sp_delete_lbracket" V="5" E="1"/>
		<P N="sp_op_dereference" V="0" E="1"/>
		<P N="sp_struct_lbrace" V="1" E="1"/>
		<P N="sp_member_arrow" V="0" E="1"/>
		<P N="sp_fptr_si" V="5" E="1"/>
		<P N="sp_ref_alp" V="5" E="1"/>
		<P N="sp_init_rbrace" V="1" E="1"/>
		<P N="sp_op_addressof" V="0" E="1"/>
		<P N="indent_tab_custom" V="0" E="1"/>
		<P N="indent_extern" V="0" E="1"/>
		<P N="indent_namespace" V="0" E="1"/>
		<P N="brace_loc_asm" V="15" E="1"/>
		<P N="brace_loc_namespace" V="15" E="1"/>
		<P N="brace_loc_enum" V="15" E="1"/>
		<P N="fun_assoc_with_ret_type" V="5" E="1"/>
		<P N="cppb_sp_fptr_padparen" V="5" E="1"/>
		<P N="cppb_sp_fptr_lparen" V="4" E="1"/>
		<P N="cppb_sp_fptr_rparen" V="5" E="1"/>
		<P N="cont_indent_returntype" V="0" E="1"/>
		<P N="sp_ty_star_prototype" V="4" E="1"/>
		<P N="sp_ty_amp_prototype" V="5" E="1"/>
		<P N="sp_disassoc_ret_type_ref" V="5" E="1"/>
		<P N="sp_namespace_lbrace" V="3" E="1"/>
		<P N="bl_before_access" V="0" E="0"/>
		<P N="bl_after_access" V="1" E="0"/>
		<P N="brace_loc_struct" V="15" E="1"/>
		<P N="brace_loc_union" V="15" E="1"/>
		<P N="sp_pad_lambdabrace" V="5" E="1"/>
		<P N="sp_lambdacapture_lbracket" V="5" E="1"/>
		<P N="sp_lambdacapture_rbracket" V="5" E="1"/>
		<P N="sp_lambdacapture_pad" V="5" E="1"/>
		<P N="rm_returntype_nls" V="5" E="1"/>
	</profile>
	<profile name="My Default" lang="m">
		<P N="syntax_indent" V="4" E="1"/>
		<P N="tab_indent" V="4" E="1"/>
		<P N="indent_policy" V="12" E="1"/>
		<P N="indent_member_access" V="0" E="1"/>
		<P N="access_spec_indent" V="1" E="1"/>
		<P N="member_access_relative_indent" V="0" E="1"/>
		<P N="indent_case" V="1" E="1"/>
		<P N="case_indent_width" V="4" E="1"/>
		<P N="continuation_width" V="4" E="1"/>
		<P N="funcall_param_align" V="10" E="1"/>
		<P N="st_nl_file" V="4" E="1"/>
		<P N="original_tab" V="4" E="1"/>
		<P N="indent_use_tab" V="1" E="1"/>
		<P N="rm_trailing_ws" V="4" E="1"/>
		<P N="rm_dup_ws" V="0" E="1"/>
		<P N="max_line_len" V="80" E="0"/>
		<P N="indent_preprocessing" V="0" E="1"/>
		<P N="indent_in_block" V="0" E="1"/>
		<P N="indent_guard" V="0" E="1"/>
		<P N="indent_pp_col1" V="0" E="1"/>
		<P N="pp_indent_with_code" V="0" E="1"/>
		<P N="st_nl_empty" V="5" E="1"/>
		<P N="sp_catch_padparen" V="5" E="1"/>
		<P N="sp_switch_lparen" V="4" E="1"/>
		<P N="sp_arrayexpr_lbracket" V="5" E="1"/>
		<P N="sp_arraydecl_lbracket" V="5" E="1"/>
		<P N="st_fundecl_nameline" V="5" E="0"/>
		<P N="st_oneline_dowhile" V="4" E="1"/>
		<P N="sp_op_bitwise" V="3" E="1"/>
		<P N="st_oneline_catch" V="4" E="1"/>
		<P N="sp_for_lparen" V="4" E="1"/>
		<P N="sp_funcall_voidparen" V="5" E="1"/>
		<P N="sp_switch_padparen" V="5" E="1"/>
		<P N="sp_fun_padparen" V="5" E="1"/>
		<P N="sp_if_rparen" V="4" E="1"/>
		<P N="sp_op_bitand" V="0" E="1"/>
		<P N="sp_op_assignment" V="3" E="1"/>
		<P N="sp_for_comma" V="2" E="1"/>
		<P N="sp_funcall_comma" V="2" E="1"/>
		<P N="sp_arrayexpr_rbracket" V="5" E="1"/>
		<P N="sp_op_mult" V="3" E="1"/>
		<P N="sp_arraydecl_rbracket" V="5" E="1"/>
		<P N="sp_for_lbrace" V="1" E="0"/>
		<P N="st_oneline_then" V="4" E="1"/>
		<P N="sp_catch_lparen" V="4" E="1"/>
		<P N="sp_member_dot" V="0" E="1"/>
		<P N="sp_for_rparen" V="4" E="1"/>
		<P N="sp_while_rparen" V="4" E="1"/>
		<P N="sp_ret_parexpr" V="4" E="1"/>
		<P N="sp_throw_parexpr" V="4" E="1"/>
		<P N="st_oneline_statement" V="4" E="1"/>
		<P N="st_oneline_elsif" V="4" E="1"/>
		<P N="sp_op_unary" V="0" E="1"/>
		<P N="sp_op_binary" V="3" E="1"/>
		<P N="sp_op_comparison" V="3" E="1"/>
		<P N="sp_catch_rparen" V="4" E="1"/>
		<P N="sp_fun_lparen" V="5" E="1"/>
		<P N="sp_fun_voidparen" V="5" E="1"/>
		<P N="sp_while_lbrace" V="1" E="1"/>
		<P N="sp_switch_lbrace" V="1" E="1"/>
		<P N="sp_op_logical" V="3" E="1"/>
		<P N="sp_for_semicolon" V="2" E="1"/>
		<P N="st_nl_fn" V="4" E="0"/>
		<P N="sp_funcall_rparen" V="5" E="1"/>
		<P N="sp_funcall_lparen" V="5" E="1"/>
		<P N="sp_fun_comma" V="2" E="1"/>
		<P N="st_leave_declmult" V="4" E="1"/>
		<P N="sp_catch_lbrace" V="1" E="1"/>
		<P N="sp_fun_lbrace" V="3" E="1"/>
		<P N="sp_if_lbrace" V="1" E="1"/>
		<P N="sp_for_padparen" V="5" E="1"/>
		<P N="sp_switch_rparen" V="4" E="1"/>
		<P N="sp_op_prefix" V="0" E="1"/>
		<P N="sp_funcall_padparen" V="5" E="1"/>
		<P N="sp_while_padparen" V="5" E="1"/>
		<P N="sp_while_lparen" V="4" E="1"/>
		<P N="sp_fun_rparen" V="5" E="1"/>
		<P N="st_leave_stmtmult" V="4" E="1"/>
		<P N="sp_arrayexpr_padbracket" V="5" E="1"/>
		<P N="sp_arraydecl_padbracket" V="5" E="1"/>
		<P N="st_oneline_else" V="4" E="1"/>
		<P N="st_nl_case" V="4" E="1"/>
		<P N="sp_op_postfix" V="0" E="1"/>
		<P N="sp_if_lparen" V="4" E="1"/>
		<P N="sp_if_padparen" V="5" E="1"/>
		<P N="indent_first_level" V="1" E="1"/>
		<P N="indent_goto" V="0" E="1"/>
		<P N="align_on_equals" V="0" E="1"/>
		<P N="exp_paren_align" V="8" E="1"/>
		<P N="brace_loc_if" V="15" E="1"/>
		<P N="brace_loc_for" V="15" E="1"/>
		<P N="brace_loc_while" V="15" E="1"/>
		<P N="brace_loc_switch" V="15" E="1"/>
		<P N="brace_loc_do" V="15" E="1"/>
		<P N="brace_loc_try" V="15" E="1"/>
		<P N="brace_loc_catch" V="15" E="1"/>
		<P N="brace_loc_fun" V="15" E="1"/>
		<P N="comment_indent" V="4" E="1"/>
		<P N="comment_col1_indent" V="5" E="1"/>
		<P N="allow_one_line_block" V="4" E="1"/>
		<P N="st_newline_before_else" V="5" E="1"/>
		<P N="trailing_comment_align" V="2" E="1"/>
		<P N="trailing_comment_value" V="70" E="1"/>
		<P N="indent_from_brace" V="0" E="1"/>
		<P N="label_indent" V="1" E="1"/>
		<P N="sp_return_padparen" V="5" E="1"/>
		<P N="sp_return_rparen" V="5" E="1"/>
		<P N="sp_throw_padparen" V="5" E="1"/>
		<P N="sp_throw_rparen" V="5" E="1"/>
		<P N="sp_expr_lparen" V="5" E="1"/>
		<P N="sp_expr_padparen" V="5" E="1"/>
		<P N="sp_expr_rparen" V="5" E="1"/>
		<P N="sp_stmt_semicolon" V="4" E="1"/>
		<P N="sp_try_lbrace" V="3" E="1"/>
		<P N="brace_follows_case" V="0" E="1"/>
		<P N="nl_indent_lone_else" V="4" E="1"/>
		<P N="rw_force_throw_parens" V="21" E="0"/>
		<P N="rw_force_return_parens" V="21" E="0"/>
		<P N="force_param_void" V="4" E="0"/>
		<P N="sp_cast_lparen" V="5" E="1"/>
		<P N="sp_cast_padparen" V="5" E="1"/>
		<P N="sp_cast_rparen" V="5" E="1"/>
		<P N="blank_before_case" V="1" E="0"/>
		<P N="blank_before_first_case" V="0" E="0"/>
		<P N="bl_start_block_if" V="0" E="0"/>
		<P N="bl_end_block_if" V="0" E="0"/>
		<P N="bl_start_block_for" V="0" E="0"/>
		<P N="bl_end_block_for" V="0" E="0"/>
		<P N="bl_start_block_while" V="0" E="0"/>
		<P N="bl_end_block_while" V="0" E="0"/>
		<P N="bl_start_block_do" V="0" E="0"/>
		<P N="bl_end_block_do" V="0" E="0"/>
		<P N="bl_end_block_switch" V="0" E="0"/>
		<P N="bl_start_block_try" V="0" E="0"/>
		<P N="bl_start_block_catch" V="0" E="0"/>
		<P N="bl_end_block_catch" V="0" E="0"/>
		<P N="bl_start_block_method" V="0" E="0"/>
		<P N="bl_before_locals" V="1" E="0"/>
		<P N="bl_after_locals" V="1" E="0"/>
		<P N="varalign_justification" V="0" E="0"/>
		<P N="braceloc_multiline_cond" V="24" E="1"/>
		<P N="sp_stmt_before_semi" V="5" E="1"/>
		<P N="sp_enum_lbrace" V="1" E="1"/>
		<P N="sp_enum_comma" V="2" E="1"/>
		<P N="sp_fun_colon" V="3" E="1"/>
		<P N="st_nl_class" V="5" E="0"/>
		<P N="allow_class_one_line_block" V="4" E="1"/>
		<P N="sp_class_lbrace" V="1" E="1"/>
		<P N="sp_class_comma" V="2" E="1"/>
		<P N="sp_class_colon" V="3" E="1"/>
		<P N="brace_loc_class" V="15" E="1"/>
		<P N="indent_class_body" V="1" E="1"/>
		<P N="bl_before_first_decl" V="0" E="0"/>
		<P N="bl_between_methods" V="0" E="0"/>
		<P N="bl_between_fields" V="0" E="0"/>
		<P N="bl_between_commented_fields" V="1" E="0"/>
		<P N="bl_between_member_classes" V="0" E="0"/>
		<P N="bl_between_different_decls" V="0" E="0"/>
		<P N="bl_between_classes" V="0" E="0"/>
		<P N="bl_between_fn_prototypes" V="1" E="0"/>
		<P N="instvaralign_justification" V="0" E="0"/>
		<P N="sp_tmpldecl_lt" V="5" E="1"/>
		<P N="sp_tmpldecl_pad" V="5" E="1"/>
		<P N="sp_tmpldecl_comma" V="2" E="1"/>
		<P N="sp_tmpldecl_equals" V="3" E="1"/>
		<P N="sp_tmplparm_lt" V="5" E="1"/>
		<P N="sp_tmplparm_pad" V="5" E="1"/>
		<P N="sp_tmplparm_comma" V="2" E="1"/>
		<P N="jd_format_html" V="4" E="0"/>
		<P N="jd_format_pre" V="4" E="0"/>
		<P N="jd_indent_param_desc" V="4" E="0"/>
		<P N="jd_indent_past_param_name" V="4" E="0"/>
		<P N="jd_force_delim_nl" V="4" E="0"/>
		<P N="jd_blank_lines_before_tags" V="1" E="0"/>
		<P N="jd_rm_blank_lines" V="5" E="0"/>
		<P N="jd_between_diff_tags" V="1" E="0"/>
		<P N="jd_between_same_tags" V="0" E="0"/>
		<P N="dox_format_pre" V="4" E="0"/>
		<P N="dox_indent_param_desc" V="4" E="0"/>
		<P N="dox_indent_past_param_name" V="5" E="0"/>
		<P N="dox_force_delim_nl" V="4" E="0"/>
		<P N="dox_after_brief" V="1" E="0"/>
		<P N="dox_rm_blank_lines" V="5" E="0"/>
		<P N="dox_between_diff_tags" V="1" E="0"/>
		<P N="dox_between_same_tags" V="0" E="0"/>
		<P N="xdoc_format_pre" V="4" E="0"/>
		<P N="xdoc_between_diff_tags" V="1" E="0"/>
		<P N="xdoc_between_same_tags" V="0" E="0"/>
		<P N="xdoc_rm_blank_lines" V="4" E="0"/>
		<P N="xdoc_nl_after_opentag" V="4" E="0"/>
		<P N="xdoc_nl_before_closetag" V="4" E="0"/>
		<P N="sp_init_comma" V="2" E="1"/>
		<P N="sp_member_dotstar" V="0" E="1"/>
		<P N="sp_mptr_ccs" V="5" E="1"/>
		<P N="sp_delete_padbracket" V="5" E="1"/>
		<P N="sp_cppcast_pad" V="5" E="1"/>
		<P N="sp_ref_arp" V="5" E="1"/>
		<P N="sp_member_arrowstar" V="0" E="1"/>
		<P N="st_newline_after_extern" V="4" E="1"/>
		<P N="sp_struct_comma" V="2" E="1"/>
		<P N="sp_ptr_is" V="4" E="1"/>
		<P N="sp_fun_equals" V="3" E="1"/>
		<P N="sp_delete_rbracket" V="5" E="1"/>
		<P N="sp_ref_av" V="5" E="1"/>
		<P N="sp_new_lparen" V="5" E="1"/>
		<P N="sp_struct_colon" V="3" E="1"/>
		<P N="sp_ptr_srp" V="5" E="1"/>
		<P N="sp_funcall_operator" V="0" E="1"/>
		<P N="st_oneline_access" V="4" E="1"/>
		<P N="sp_cppcast_gt" V="5" E="1"/>
		<P N="sp_fun_commainit" V="2" E="1"/>
		<P N="sp_init_lbrace" V="2" E="1"/>
		<P N="sp_fun_operator" V="0" E="1"/>
		<P N="sp_ptr_ss" V="5" E="1"/>
		<P N="sp_tmplcall_pad" V="5" E="1"/>
		<P N="sp_ptr_sv" V="5" E="1"/>
		<P N="sp_union_lbrace" V="1" E="1"/>
		<P N="sp_new_rparen" V="4" E="1"/>
		<P N="sp_new_padparen" V="5" E="1"/>
		<P N="sp_enum_equals" V="3" E="1"/>
		<P N="sp_cppcast_lt" V="5" E="1"/>
		<P N="sp_enum_colon" V="3" E="1"/>
		<P N="sp_ptr_slp" V="5" E="1"/>
		<P N="sp_ptr_sa" V="5" E="1"/>
		<P N="sp_ref_ia" V="4" E="1"/>
		<P N="sp_tmplcall_comma" V="2" E="1"/>
		<P N="sp_tmplcall_lt" V="5" E="1"/>
		<P N="sp_ptr_si" V="5" E="1"/>
		<P N="sp_delete_lbracket" V="5" E="1"/>
		<P N="sp_op_dereference" V="0" E="1"/>
		<P N="sp_struct_lbrace" V="1" E="1"/>
		<P N="sp_member_arrow" V="0" E="1"/>
		<P N="sp_fptr_si" V="5" E="1"/>
		<P N="sp_ref_alp" V="5" E="1"/>
		<P N="sp_init_rbrace" V="1" E="1"/>
		<P N="sp_op_addressof" V="0" E="1"/>
		<P N="indent_tab_custom" V="0" E="1"/>
		<P N="indent_extern" V="0" E="1"/>
		<P N="indent_namespace" V="0" E="1"/>
		<P N="brace_loc_asm" V="15" E="1"/>
		<P N="brace_loc_namespace" V="15" E="1"/>
		<P N="brace_loc_enum" V="15" E="1"/>
		<P N="fun_assoc_with_ret_type" V="5" E="1"/>
		<P N="cppb_sp_fptr_padparen" V="5" E="1"/>
		<P N="cppb_sp_fptr_lparen" V="4" E="1"/>
		<P N="cppb_sp_fptr_rparen" V="5" E="1"/>
		<P N="cont_indent_returntype" V="0" E="1"/>
		<P N="sp_ty_star_prototype" V="4" E="1"/>
		<P N="sp_ty_amp_prototype" V="5" E="1"/>
		<P N="sp_disassoc_ret_type_ref" V="5" E="1"/>
		<P N="sp_namespace_lbrace" V="3" E="1"/>
		<P N="bl_before_access" V="0" E="0"/>
		<P N="bl_after_access" V="1" E="0"/>
		<P N="brace_loc_struct" V="15" E="1"/>
		<P N="brace_loc_union" V="15" E="1"/>
		<P N="sp_pad_lambdabrace" V="5" E="1"/>
		<P N="sp_lambdacapture_lbracket" V="5" E="1"/>
		<P N="sp_lambdacapture_rbracket" V="5" E="1"/>
		<P N="sp_lambdacapture_pad" V="5" E="1"/>
		<P N="rm_returntype_nls" V="5" E="1"/>
		<P N="meth_decl_align" V="19" E="1"/>
		<P N="meth_call_align" V="19" E="1"/>
		<P N="category_padparen" V="5" E="1"/>
		<P N="category_lparen" V="4" E="1"/>
		<P N="category_rparen" V="4" E="1"/>
		<P N="sp_decl_selector_colon" V="2" E="1"/>
		<P N="sp_call_selector_colon" V="2" E="1"/>
		<P N="protocol_padparen" V="5" E="1"/>
		<P N="protocol_lparen" V="4" E="1"/>
		<P N="protocol_rparen" V="4" E="1"/>
		<P N="protocol_comma" V="2" E="1"/>
		<P N="meth_call_bracket_align" V="8" E="1"/>
		<P N="meth_call_selalign_force" V="1" E="1"/>
		<P N="prop_padparen" V="5" E="1"/>
		<P N="prop_lparen" V="4" E="1"/>
		<P N="prop_rparen" V="4" E="1"/>
		<P N="prop_comma" V="2" E="1"/>
		<P N="synth_comma" V="2" E="1"/>
		<P N="synth_eq" V="0" E="1"/>
		<P N="dynamic_comma" V="2" E="1"/>
		<P N="meth_return_lparen" V="4" E="1"/>
		<P N="meth_return_padparen" V="5" E="1"/>
		<P N="meth_return_rparen" V="5" E="1"/>
		<P N="meth_param_lparen" V="5" E="1"/>
		<P N="meth_param_padparen" V="5" E="1"/>
		<P N="meth_param_rparen" V="5" E="1"/>
		<P N="block_initial_indent" V="4" E="1"/>
		<P N="finally_lbrace" V="3" E="1"/>
		<P N="synchronized_lparen" V="5" E="1"/>
		<P N="synchronized_padparen" V="5" E="1"/>
		<P N="synchronized_rparen" V="5" E="1"/>
		<P N="synchronized_lbrace" V="3" E="1"/>
		<P N="prop_eq" V="0" E="1"/>
	</profile>
	<profile name="My Default" lang="java">
		<P N="syntax_indent" V="4" E="1"/>
		<P N="tab_indent" V="4" E="1"/>
		<P N="indent_policy" V="12" E="1"/>
		<P N="indent_member_access" V="0" E="1"/>
		<P N="access_spec_indent" V="1" E="1"/>
		<P N="indent_case" V="0" E="1"/>
		<P N="case_indent_width" V="4" E="1"/>
		<P N="continuation_width" V="4" E="1"/>
		<P N="funcall_param_align" V="10" E="1"/>
		<P N="st_nl_file" V="4" E="1"/>
		<P N="original_tab" V="4" E="1"/>
		<P N="indent_use_tab" V="1" E="1"/>
		<P N="rm_trailing_ws" V="4" E="1"/>
		<P N="rm_dup_ws" V="0" E="1"/>
		<P N="max_line_len" V="80" E="0"/>
		<P N="st_nl_empty" V="5" E="1"/>
		<P N="sp_catch_padparen" V="5" E="1"/>
		<P N="sp_switch_lparen" V="4" E="1"/>
		<P N="sp_arrayexpr_lbracket" V="5" E="1"/>
		<P N="sp_arraydecl_lbracket" V="5" E="1"/>
		<P N="st_fundecl_nameline" V="5" E="0"/>
		<P N="st_oneline_dowhile" V="4" E="1"/>
		<P N="sp_op_bitwise" V="3" E="1"/>
		<P N="st_oneline_catch" V="4" E="1"/>
		<P N="sp_for_lparen" V="4" E="1"/>
		<P N="sp_funcall_voidparen" V="5" E="1"/>
		<P N="sp_switch_padparen" V="5" E="1"/>
		<P N="sp_fun_padparen" V="5" E="1"/>
		<P N="sp_if_rparen" V="4" E="1"/>
		<P N="sp_op_bitand" V="0" E="1"/>
		<P N="sp_op_assignment" V="3" E="1"/>
		<P N="sp_for_comma" V="2" E="1"/>
		<P N="sp_funcall_comma" V="2" E="1"/>
		<P N="sp_arrayexpr_rbracket" V="5" E="1"/>
		<P N="sp_op_mult" V="3" E="1"/>
		<P N="sp_arraydecl_rbracket" V="4" E="1"/>
		<P N="sp_for_lbrace" V="1" E="0"/>
		<P N="st_oneline_then" V="4" E="1"/>
		<P N="sp_catch_lparen" V="4" E="1"/>
		<P N="sp_member_dot" V="0" E="1"/>
		<P N="sp_for_rparen" V="4" E="1"/>
		<P N="sp_while_rparen" V="4" E="1"/>
		<P N="sp_ret_parexpr" V="4" E="1"/>
		<P N="sp_throw_parexpr" V="4" E="1"/>
		<P N="st_oneline_statement" V="4" E="1"/>
		<P N="st_oneline_elsif" V="4" E="1"/>
		<P N="sp_op_unary" V="0" E="1"/>
		<P N="sp_op_binary" V="3" E="1"/>
		<P N="sp_op_comparison" V="3" E="1"/>
		<P N="sp_catch_rparen" V="4" E="1"/>
		<P N="sp_fun_lparen" V="5" E="1"/>
		<P N="sp_fun_voidparen" V="5" E="1"/>
		<P N="sp_while_lbrace" V="1" E="1"/>
		<P N="sp_switch_lbrace" V="1" E="1"/>
		<P N="sp_op_logical" V="3" E="1"/>
		<P N="sp_for_semicolon" V="2" E="1"/>
		<P N="st_nl_fn" V="4" E="0"/>
		<P N="sp_funcall_rparen" V="5" E="1"/>
		<P N="sp_funcall_lparen" V="5" E="1"/>
		<P N="sp_fun_comma" V="2" E="1"/>
		<P N="st_leave_declmult" V="4" E="1"/>
		<P N="sp_catch_lbrace" V="1" E="1"/>
		<P N="sp_fun_lbrace" V="3" E="1"/>
		<P N="sp_if_lbrace" V="1" E="1"/>
		<P N="sp_for_padparen" V="5" E="1"/>
		<P N="sp_switch_rparen" V="4" E="1"/>
		<P N="sp_op_prefix" V="0" E="1"/>
		<P N="sp_funcall_padparen" V="5" E="1"/>
		<P N="sp_while_padparen" V="5" E="1"/>
		<P N="sp_while_lparen" V="4" E="1"/>
		<P N="sp_fun_rparen" V="5" E="1"/>
		<P N="st_leave_stmtmult" V="4" E="1"/>
		<P N="sp_arrayexpr_padbracket" V="5" E="1"/>
		<P N="sp_arraydecl_padbracket" V="5" E="1"/>
		<P N="st_oneline_else" V="4" E="1"/>
		<P N="st_nl_case" V="4" E="1"/>
		<P N="sp_op_postfix" V="0" E="1"/>
		<P N="sp_if_lparen" V="4" E="1"/>
		<P N="sp_if_padparen" V="5" E="1"/>
		<P N="indent_first_level" V="1" E="1"/>
		<P N="indent_goto" V="0" E="1"/>
		<P N="align_on_equals" V="0" E="1"/>
		<P N="exp_paren_align" V="8" E="1"/>
		<P N="brace_loc_if" V="15" E="1"/>
		<P N="brace_loc_for" V="15" E="1"/>
		<P N="brace_loc_while" V="15" E="1"/>
		<P N="brace_loc_switch" V="15" E="1"/>
		<P N="brace_loc_do" V="15" E="1"/>
		<P N="brace_loc_try" V="15" E="1"/>
		<P N="brace_loc_catch" V="15" E="1"/>
		<P N="brace_loc_fun" V="15" E="1"/>
		<P N="comment_indent" V="4" E="1"/>
		<P N="comment_col1_indent" V="5" E="1"/>
		<P N="allow_one_line_block" V="5" E="1"/>
		<P N="st_newline_before_else" V="5" E="1"/>
		<P N="trailing_comment_align" V="2" E="1"/>
		<P N="trailing_comment_value" V="70" E="1"/>
		<P N="indent_from_brace" V="0" E="1"/>
		<P N="label_indent" V="1" E="1"/>
		<P N="sp_return_padparen" V="5" E="1"/>
		<P N="sp_return_rparen" V="5" E="1"/>
		<P N="sp_throw_padparen" V="5" E="1"/>
		<P N="sp_throw_rparen" V="5" E="1"/>
		<P N="sp_expr_lparen" V="5" E="1"/>
		<P N="sp_expr_padparen" V="5" E="1"/>
		<P N="sp_expr_rparen" V="5" E="1"/>
		<P N="sp_stmt_semicolon" V="4" E="1"/>
		<P N="sp_try_lbrace" V="3" E="1"/>
		<P N="brace_follows_case" V="0" E="1"/>
		<P N="nl_indent_lone_else" V="4" E="1"/>
		<P N="rw_force_throw_parens" V="21" E="0"/>
		<P N="rw_force_return_parens" V="21" E="0"/>
		<P N="force_param_void" V="4" E="0"/>
		<P N="sp_cast_lparen" V="5" E="1"/>
		<P N="sp_cast_padparen" V="5" E="1"/>
		<P N="sp_cast_rparen" V="5" E="1"/>
		<P N="blank_before_case" V="1" E="0"/>
		<P N="blank_before_first_case" V="0" E="0"/>
		<P N="bl_start_block_if" V="0" E="0"/>
		<P N="bl_end_block_if" V="0" E="0"/>
		<P N="bl_start_block_for" V="0" E="0"/>
		<P N="bl_end_block_for" V="0" E="0"/>
		<P N="bl_start_block_while" V="0" E="0"/>
		<P N="bl_end_block_while" V="0" E="0"/>
		<P N="bl_start_block_do" V="0" E="0"/>
		<P N="bl_end_block_do" V="0" E="0"/>
		<P N="bl_end_block_switch" V="0" E="0"/>
		<P N="bl_start_block_try" V="0" E="0"/>
		<P N="bl_start_block_catch" V="0" E="0"/>
		<P N="bl_end_block_catch" V="0" E="0"/>
		<P N="bl_start_block_method" V="0" E="0"/>
		<P N="bl_before_locals" V="1" E="0"/>
		<P N="bl_after_locals" V="1" E="0"/>
		<P N="varalign_justification" V="0" E="0"/>
		<P N="braceloc_multiline_cond" V="24" E="1"/>
		<P N="sp_stmt_before_semi" V="5" E="1"/>
		<P N="sp_enum_lbrace" V="1" E="1"/>
		<P N="sp_enum_comma" V="2" E="1"/>
		<P N="st_nl_class" V="5" E="0"/>
		<P N="allow_class_one_line_block" V="4" E="1"/>
		<P N="sp_class_lbrace" V="1" E="1"/>
		<P N="sp_class_comma" V="2" E="1"/>
		<P N="sp_class_colon" V="3" E="1"/>
		<P N="brace_loc_class" V="15" E="1"/>
		<P N="indent_class_body" V="1" E="1"/>
		<P N="bl_before_first_decl" V="0" E="0"/>
		<P N="bl_between_methods" V="0" E="0"/>
		<P N="bl_between_fields" V="0" E="0"/>
		<P N="bl_between_commented_fields" V="1" E="0"/>
		<P N="bl_between_member_classes" V="0" E="0"/>
		<P N="bl_between_different_decls" V="0" E="0"/>
		<P N="bl_between_classes" V="0" E="0"/>
		<P N="bl_between_fn_prototypes" V="1" E="0"/>
		<P N="instvaralign_justification" V="0" E="0"/>
		<P N="sp_tmpldecl_lt" V="5" E="1"/>
		<P N="sp_tmpldecl_pad" V="5" E="1"/>
		<P N="sp_tmpldecl_comma" V="2" E="1"/>
		<P N="sp_tmpldecl_equals" V="3" E="1"/>
		<P N="sp_tmplparm_lt" V="5" E="1"/>
		<P N="sp_tmplparm_pad" V="5" E="1"/>
		<P N="sp_tmplparm_comma" V="2" E="1"/>
		<P N="jd_format_html" V="4" E="0"/>
		<P N="jd_format_pre" V="4" E="0"/>
		<P N="jd_indent_param_desc" V="4" E="0"/>
		<P N="jd_indent_past_param_name" V="4" E="0"/>
		<P N="jd_force_delim_nl" V="4" E="0"/>
		<P N="jd_blank_lines_before_tags" V="1" E="0"/>
		<P N="jd_rm_blank_lines" V="5" E="0"/>
		<P N="jd_between_diff_tags" V="1" E="0"/>
		<P N="jd_between_same_tags" V="0" E="0"/>
		<P N="dox_format_pre" V="4" E="0"/>
		<P N="dox_indent_param_desc" V="4" E="0"/>
		<P N="dox_indent_past_param_name" V="5" E="0"/>
		<P N="dox_force_delim_nl" V="4" E="0"/>
		<P N="dox_after_brief" V="1" E="0"/>
		<P N="dox_rm_blank_lines" V="5" E="0"/>
		<P N="dox_between_diff_tags" V="1" E="0"/>
		<P N="dox_between_same_tags" V="0" E="0"/>
		<P N="xdoc_format_pre" V="4" E="0"/>
		<P N="xdoc_between_diff_tags" V="1" E="0"/>
		<P N="xdoc_between_same_tags" V="0" E="0"/>
		<P N="xdoc_rm_blank_lines" V="4" E="0"/>
		<P N="xdoc_nl_after_opentag" V="4" E="0"/>
		<P N="xdoc_nl_before_closetag" V="4" E="0"/>
		<P N="sp_foreach_colon" V="2" E="1"/>
		<P N="annot_newline" V="4" E="1"/>
		<P N="sp_annot_lparen" V="5" E="1"/>
		<P N="sp_annot_padparen" V="5" E="1"/>
		<P N="sp_annot_rparen" V="4" E="1"/>
		<P N="sp_annot_comma" V="2" E="1"/>
		<P N="annot_newline_package" V="4" E="1"/>
		<P N="annot_newline_field" V="4" E="1"/>
		<P N="annot_newline_method" V="4" E="1"/>
		<P N="annot_newline_parameter" V="4" E="1"/>
		<P N="annot_newline_local" V="4" E="1"/>
		<P N="annot_type_brace_loc" V="15" E="1"/>
		<P N="sp_annot_type_brace" V="1" E="1"/>
		<P N="sp_enum_constbody_lbrace" V="1" E="1"/>
		<P N="enum_braceloc" V="15" E="1"/>
		<P N="enum_constbody_braceloc" V="15" E="1"/>
		<P N="sp_enum_init_lparen" V="5" E="1"/>
		<P N="sp_enum_init_rparen" V="5" E="1"/>
		<P N="sp_enum_init_padding" V="5" E="1"/>
		<P N="sp_enum_eq" V="3" E="1"/>
		<P N="anon_class_braceloc" V="15" E="1"/>
		<P N="sp_anon_class_lbrace" V="1" E="1"/>
		<P N="ind_enum_body" V="1" E="1"/>
		<P N="ind_enum_const_body" V="1" E="1"/>
		<P N="ind_annot_type_body" V="1" E="1"/>
		<P N="sp_arr_init_comma" V="2" E="1"/>
		<P N="sp_arr_init_pad" V="1" E="1"/>
		<P N="nl_array_init_inner_pad" V="0" E="0"/>
		<P N="nl_array_init_outer_pad" V="0" E="0"/>
		<P N="nl_array_init_before_outer_lbrace" V="0" E="0"/>
		<P N="nl_array_init_before_inner_lbrace" V="0" E="0"/>
		<P N="bl_before_package" V="0" E="0"/>
		<P N="bl_after_package" V="1" E="0"/>
		<P N="bl_leave_between_imports" V="1" E="0"/>
		<P N="bl_after_imports" V="2" E="0"/>
		<P N="sp_before_try_lparen" V="4" E="1"/>
		<P N="sp_after_try_rparen" V="4" E="1"/>
		<P N="sp_padparen_try" V="5" E="1"/>
		<P N="bl_before_sync" V="0" E="0"/>
		<P N="bl_after_sync" V="0" E="0"/>
		<P N="sp_sync_lparen" V="4" E="1"/>
		<P N="sp_sync_pad" V="5" E="1"/>
		<P N="sp_sync_rparen" V="4" E="1"/>
		<P N="sp_exception_choice" V="3" E="1"/>
	</profile>
	<profile name="My Default" lang="cs">
		<P N="syntax_indent" V="4" E="1"/>
		<P N="tab_indent" V="4" E="1"/>
		<P N="indent_policy" V="12" E="1"/>
		<P N="indent_member_access" V="0" E="1"/>
		<P N="access_spec_indent" V="1" E="1"/>
		<P N="indent_case" V="0" E="1"/>
		<P N="case_indent_width" V="4" E="1"/>
		<P N="continuation_width" V="4" E="1"/>
		<P N="funcall_param_align" V="10" E="1"/>
		<P N="st_nl_file" V="4" E="1"/>
		<P N="original_tab" V="4" E="1"/>
		<P N="indent_use_tab" V="1" E="1"/>
		<P N="rm_trailing_ws" V="4" E="1"/>
		<P N="rm_dup_ws" V="0" E="1"/>
		<P N="max_line_len" V="80" E="0"/>
		<P N="indent_preprocessing" V="0" E="1"/>
		<P N="indent_in_block" V="0" E="1"/>
		<P N="indent_guard" V="0" E="1"/>
		<P N="indent_pp_col1" V="0" E="1"/>
		<P N="pp_indent_with_code" V="0" E="1"/>
		<P N="st_nl_empty" V="5" E="1"/>
		<P N="sp_catch_padparen" V="5" E="1"/>
		<P N="sp_switch_lparen" V="4" E="1"/>
		<P N="sp_arrayexpr_lbracket" V="5" E="1"/>
		<P N="sp_arraydecl_lbracket" V="5" E="1"/>
		<P N="st_fundecl_nameline" V="5" E="0"/>
		<P N="st_oneline_dowhile" V="4" E="1"/>
		<P N="sp_op_bitwise" V="3" E="1"/>
		<P N="st_oneline_catch" V="4" E="1"/>
		<P N="sp_for_lparen" V="4" E="1"/>
		<P N="sp_funcall_voidparen" V="5" E="1"/>
		<P N="sp_switch_padparen" V="5" E="1"/>
		<P N="sp_fun_padparen" V="5" E="1"/>
		<P N="sp_if_rparen" V="4" E="1"/>
		<P N="sp_op_bitand" V="0" E="1"/>
		<P N="sp_op_assignment" V="3" E="1"/>
		<P N="sp_for_comma" V="2" E="1"/>
		<P N="sp_funcall_comma" V="2" E="1"/>
		<P N="sp_arrayexpr_rbracket" V="5" E="1"/>
		<P N="sp_op_mult" V="3" E="1"/>
		<P N="sp_arraydecl_rbracket" V="4" E="1"/>
		<P N="sp_for_lbrace" V="1" E="0"/>
		<P N="st_oneline_then" V="4" E="1"/>
		<P N="sp_catch_lparen" V="4" E="1"/>
		<P N="sp_member_dot" V="0" E="1"/>
		<P N="sp_for_rparen" V="4" E="1"/>
		<P N="sp_while_rparen" V="4" E="1"/>
		<P N="sp_ret_parexpr" V="4" E="1"/>
		<P N="sp_throw_parexpr" V="4" E="1"/>
		<P N="st_oneline_statement" V="4" E="1"/>
		<P N="st_oneline_elsif" V="4" E="1"/>
		<P N="sp_op_unary" V="0" E="1"/>
		<P N="sp_op_binary" V="3" E="1"/>
		<P N="sp_op_comparison" V="3" E="1"/>
		<P N="sp_catch_rparen" V="4" E="1"/>
		<P N="sp_fun_lparen" V="5" E="1"/>
		<P N="sp_fun_voidparen" V="5" E="1"/>
		<P N="sp_while_lbrace" V="1" E="1"/>
		<P N="sp_switch_lbrace" V="1" E="1"/>
		<P N="sp_op_logical" V="3" E="1"/>
		<P N="sp_for_semicolon" V="2" E="1"/>
		<P N="st_nl_fn" V="4" E="0"/>
		<P N="sp_funcall_rparen" V="5" E="1"/>
		<P N="sp_funcall_lparen" V="5" E="1"/>
		<P N="sp_fun_comma" V="2" E="1"/>
		<P N="st_leave_declmult" V="4" E="1"/>
		<P N="sp_catch_lbrace" V="1" E="1"/>
		<P N="sp_fun_lbrace" V="3" E="1"/>
		<P N="sp_if_lbrace" V="1" E="1"/>
		<P N="sp_for_padparen" V="5" E="1"/>
		<P N="sp_switch_rparen" V="4" E="1"/>
		<P N="sp_op_prefix" V="0" E="1"/>
		<P N="sp_funcall_padparen" V="5" E="1"/>
		<P N="sp_while_padparen" V="5" E="1"/>
		<P N="sp_while_lparen" V="4" E="1"/>
		<P N="sp_fun_rparen" V="5" E="1"/>
		<P N="st_leave_stmtmult" V="4" E="1"/>
		<P N="sp_arrayexpr_padbracket" V="5" E="1"/>
		<P N="sp_arraydecl_padbracket" V="5" E="1"/>
		<P N="st_oneline_else" V="4" E="1"/>
		<P N="st_nl_case" V="4" E="1"/>
		<P N="sp_op_postfix" V="0" E="1"/>
		<P N="sp_if_lparen" V="4" E="1"/>
		<P N="sp_if_padparen" V="5" E="1"/>
		<P N="indent_first_level" V="1" E="1"/>
		<P N="indent_goto" V="0" E="1"/>
		<P N="align_on_equals" V="0" E="1"/>
		<P N="exp_paren_align" V="8" E="1"/>
		<P N="brace_loc_if" V="15" E="1"/>
		<P N="brace_loc_for" V="15" E="1"/>
		<P N="brace_loc_while" V="15" E="1"/>
		<P N="brace_loc_switch" V="15" E="1"/>
		<P N="brace_loc_do" V="15" E="1"/>
		<P N="brace_loc_try" V="15" E="1"/>
		<P N="brace_loc_catch" V="15" E="1"/>
		<P N="brace_loc_fun" V="15" E="1"/>
		<P N="comment_indent" V="4" E="1"/>
		<P N="comment_col1_indent" V="5" E="1"/>
		<P N="allow_one_line_block" V="5" E="1"/>
		<P N="st_newline_before_else" V="5" E="1"/>
		<P N="trailing_comment_align" V="2" E="1"/>
		<P N="trailing_comment_value" V="70" E="1"/>
		<P N="indent_from_brace" V="0" E="1"/>
		<P N="label_indent" V="1" E="1"/>
		<P N="sp_return_padparen" V="5" E="1"/>
		<P N="sp_return_rparen" V="5" E="1"/>
		<P N="sp_throw_padparen" V="5" E="1"/>
		<P N="sp_throw_rparen" V="5" E="1"/>
		<P N="sp_expr_lparen" V="5" E="1"/>
		<P N="sp_expr_padparen" V="5" E="1"/>
		<P N="sp_expr_rparen" V="5" E="1"/>
		<P N="sp_stmt_semicolon" V="4" E="1"/>
		<P N="sp_try_lbrace" V="3" E="1"/>
		<P N="brace_follows_case" V="0" E="1"/>
		<P N="nl_indent_lone_else" V="4" E="1"/>
		<P N="rw_force_throw_parens" V="21" E="0"/>
		<P N="rw_force_return_parens" V="21" E="0"/>
		<P N="force_param_void" V="4" E="0"/>
		<P N="sp_cast_lparen" V="5" E="1"/>
		<P N="sp_cast_padparen" V="5" E="1"/>
		<P N="sp_cast_rparen" V="5" E="1"/>
		<P N="blank_before_case" V="1" E="0"/>
		<P N="blank_before_first_case" V="0" E="0"/>
		<P N="bl_start_block_if" V="0" E="0"/>
		<P N="bl_end_block_if" V="0" E="0"/>
		<P N="bl_start_block_for" V="0" E="0"/>
		<P N="bl_end_block_for" V="0" E="0"/>
		<P N="bl_start_block_while" V="0" E="0"/>
		<P N="bl_end_block_while" V="0" E="0"/>
		<P N="bl_start_block_do" V="0" E="0"/>
		<P N="bl_end_block_do" V="0" E="0"/>
		<P N="bl_end_block_switch" V="0" E="0"/>
		<P N="bl_start_block_try" V="0" E="0"/>
		<P N="bl_start_block_catch" V="0" E="0"/>
		<P N="bl_end_block_catch" V="0" E="0"/>
		<P N="bl_start_block_method" V="0" E="0"/>
		<P N="bl_before_locals" V="1" E="0"/>
		<P N="bl_after_locals" V="1" E="0"/>
		<P N="varalign_justification" V="0" E="0"/>
		<P N="braceloc_multiline_cond" V="24" E="1"/>
		<P N="sp_stmt_before_semi" V="5" E="1"/>
		<P N="sp_fun_colon" V="3" E="1"/>
		<P N="st_nl_class" V="5" E="0"/>
		<P N="allow_class_one_line_block" V="4" E="1"/>
		<P N="sp_class_lbrace" V="1" E="1"/>
		<P N="sp_class_comma" V="2" E="1"/>
		<P N="sp_class_colon" V="3" E="1"/>
		<P N="brace_loc_class" V="15" E="1"/>
		<P N="indent_class_body" V="1" E="1"/>
		<P N="bl_before_first_decl" V="0" E="0"/>
		<P N="bl_between_methods" V="0" E="0"/>
		<P N="bl_between_fields" V="0" E="0"/>
		<P N="bl_between_commented_fields" V="1" E="0"/>
		<P N="bl_between_member_classes" V="0" E="0"/>
		<P N="bl_between_different_decls" V="0" E="0"/>
		<P N="bl_between_classes" V="0" E="0"/>
		<P N="bl_between_fn_prototypes" V="1" E="0"/>
		<P N="instvaralign_justification" V="0" E="0"/>
		<P N="sp_tmpldecl_lt" V="5" E="1"/>
		<P N="sp_tmpldecl_pad" V="5" E="1"/>
		<P N="sp_tmpldecl_comma" V="2" E="1"/>
		<P N="sp_tmpldecl_equals" V="3" E="1"/>
		<P N="sp_tmplparm_lt" V="5" E="1"/>
		<P N="sp_tmplparm_pad" V="5" E="1"/>
		<P N="sp_tmplparm_comma" V="2" E="1"/>
		<P N="jd_format_html" V="4" E="0"/>
		<P N="jd_format_pre" V="4" E="0"/>
		<P N="jd_indent_param_desc" V="4" E="0"/>
		<P N="jd_indent_past_param_name" V="4" E="0"/>
		<P N="jd_force_delim_nl" V="4" E="0"/>
		<P N="jd_blank_lines_before_tags" V="1" E="0"/>
		<P N="jd_rm_blank_lines" V="5" E="0"/>
		<P N="jd_between_diff_tags" V="1" E="0"/>
		<P N="jd_between_same_tags" V="0" E="0"/>
		<P N="dox_format_pre" V="4" E="0"/>
		<P N="dox_indent_param_desc" V="4" E="0"/>
		<P N="dox_indent_past_param_name" V="5" E="0"/>
		<P N="dox_force_delim_nl" V="4" E="0"/>
		<P N="dox_after_brief" V="1" E="0"/>
		<P N="dox_rm_blank_lines" V="5" E="0"/>
		<P N="dox_between_diff_tags" V="1" E="0"/>
		<P N="dox_between_same_tags" V="0" E="0"/>
		<P N="xdoc_format_pre" V="4" E="0"/>
		<P N="xdoc_between_diff_tags" V="1" E="0"/>
		<P N="xdoc_between_same_tags" V="0" E="0"/>
		<P N="xdoc_rm_blank_lines" V="4" E="0"/>
		<P N="xdoc_nl_after_opentag" V="4" E="0"/>
		<P N="xdoc_nl_before_closetag" V="4" E="0"/>
		<P N="nl_before_where" V="5" E="0"/>
		<P N="nl_after_comma" V="4" E="0"/>
		<P N="sp_where_comma" V="2" E="1"/>
		<P N="sp_where_colon" V="2" E="1"/>
		<P N="braceloc_namespace" V="15" E="1"/>
		<P N="braceloc_using" V="15" E="1"/>
		<P N="sp_using_lparen" V="4" E="1"/>
		<P N="sp_using_padparen" V="5" E="1"/>
		<P N="sp_using_rparen" V="4" E="1"/>
		<P N="sp_using_comma" V="2" E="1"/>
		<P N="braceloc_property" V="15" E="1"/>
		<P N="braceloc_outer_property" V="15" E="1"/>
		<P N="sp_lock_lparen" V="4" E="1"/>
		<P N="sp_lock_rparen" V="4" E="1"/>
		<P N="sp_lock_padparen" V="5" E="1"/>
		<P N="braceloc_lock" V="15" E="1"/>
		<P N="bl_start_block_lock" V="0" E="0"/>
		<P N="bl_end_block_lock" V="0" E="0"/>
		<P N="bl_start_block_using" V="0" E="0"/>
		<P N="bl_end_block_using" V="0" E="0"/>
		<P N="braceloc_anonmeth" V="15" E="1"/>
		<P N="braceloc_enum" V="15" E="1"/>
	</profile>
	<profile name="My Default" lang="js">
		<P N="syntax_indent" V="4" E="1"/>
		<P N="tab_indent" V="4" E="1"/>
		<P N="indent_policy" V="12" E="1"/>
		<P N="indent_member_access" V="0" E="1"/>
		<P N="access_spec_indent" V="1" E="1"/>
		<P N="indent_case" V="0" E="1"/>
		<P N="case_indent_width" V="4" E="1"/>
		<P N="continuation_width" V="4" E="1"/>
		<P N="funcall_param_align" V="10" E="1"/>
		<P N="st_nl_file" V="4" E="1"/>
		<P N="original_tab" V="4" E="1"/>
		<P N="indent_use_tab" V="1" E="1"/>
		<P N="rm_trailing_ws" V="4" E="1"/>
		<P N="rm_dup_ws" V="0" E="1"/>
		<P N="max_line_len" V="80" E="0"/>
		<P N="st_nl_empty" V="5" E="1"/>
		<P N="sp_catch_padparen" V="5" E="1"/>
		<P N="sp_switch_lparen" V="4" E="1"/>
		<P N="sp_arrayexpr_lbracket" V="5" E="1"/>
		<P N="sp_arraydecl_lbracket" V="5" E="1"/>
		<P N="st_fundecl_nameline" V="5" E="0"/>
		<P N="st_oneline_dowhile" V="4" E="1"/>
		<P N="sp_op_bitwise" V="3" E="1"/>
		<P N="st_oneline_catch" V="4" E="1"/>
		<P N="sp_for_lparen" V="4" E="1"/>
		<P N="sp_funcall_voidparen" V="5" E="1"/>
		<P N="sp_switch_padparen" V="5" E="1"/>
		<P N="sp_fun_padparen" V="5" E="1"/>
		<P N="sp_if_rparen" V="4" E="1"/>
		<P N="sp_op_bitand" V="0" E="1"/>
		<P N="sp_op_assignment" V="3" E="1"/>
		<P N="sp_for_comma" V="2" E="1"/>
		<P N="sp_funcall_comma" V="2" E="1"/>
		<P N="sp_arrayexpr_rbracket" V="5" E="1"/>
		<P N="sp_op_mult" V="3" E="1"/>
		<P N="sp_arraydecl_rbracket" V="4" E="1"/>
		<P N="sp_for_lbrace" V="1" E="0"/>
		<P N="st_oneline_then" V="4" E="1"/>
		<P N="sp_catch_lparen" V="4" E="1"/>
		<P N="sp_member_dot" V="0" E="1"/>
		<P N="sp_for_rparen" V="4" E="1"/>
		<P N="sp_while_rparen" V="4" E="1"/>
		<P N="sp_ret_parexpr" V="4" E="1"/>
		<P N="sp_throw_parexpr" V="4" E="1"/>
		<P N="st_oneline_statement" V="4" E="1"/>
		<P N="st_oneline_elsif" V="4" E="1"/>
		<P N="sp_op_unary" V="0" E="1"/>
		<P N="sp_op_binary" V="3" E="1"/>
		<P N="sp_op_comparison" V="3" E="1"/>
		<P N="sp_catch_rparen" V="4" E="1"/>
		<P N="sp_fun_lparen" V="5" E="1"/>
		<P N="sp_fun_voidparen" V="5" E="1"/>
		<P N="sp_while_lbrace" V="1" E="1"/>
		<P N="sp_switch_lbrace" V="1" E="1"/>
		<P N="sp_op_logical" V="3" E="1"/>
		<P N="sp_for_semicolon" V="2" E="1"/>
		<P N="st_nl_fn" V="4" E="0"/>
		<P N="sp_funcall_rparen" V="5" E="1"/>
		<P N="sp_funcall_lparen" V="5" E="1"/>
		<P N="sp_fun_comma" V="2" E="1"/>
		<P N="st_leave_declmult" V="4" E="1"/>
		<P N="sp_catch_lbrace" V="1" E="1"/>
		<P N="sp_fun_lbrace" V="3" E="1"/>
		<P N="sp_if_lbrace" V="1" E="1"/>
		<P N="sp_for_padparen" V="5" E="1"/>
		<P N="sp_switch_rparen" V="4" E="1"/>
		<P N="sp_op_prefix" V="0" E="1"/>
		<P N="sp_funcall_padparen" V="5" E="1"/>
		<P N="sp_while_padparen" V="5" E="1"/>
		<P N="sp_while_lparen" V="4" E="1"/>
		<P N="sp_fun_rparen" V="4" E="1"/>
		<P N="st_leave_stmtmult" V="4" E="1"/>
		<P N="sp_arrayexpr_padbracket" V="5" E="1"/>
		<P N="sp_arraydecl_padbracket" V="5" E="1"/>
		<P N="st_oneline_else" V="4" E="1"/>
		<P N="st_nl_case" V="4" E="1"/>
		<P N="sp_op_postfix" V="0" E="1"/>
		<P N="sp_if_lparen" V="4" E="1"/>
		<P N="sp_if_padparen" V="5" E="1"/>
		<P N="indent_first_level" V="1" E="1"/>
		<P N="indent_goto" V="0" E="1"/>
		<P N="align_on_equals" V="0" E="1"/>
		<P N="exp_paren_align" V="9" E="1"/>
		<P N="brace_loc_if" V="15" E="1"/>
		<P N="brace_loc_for" V="15" E="1"/>
		<P N="brace_loc_while" V="15" E="1"/>
		<P N="brace_loc_switch" V="15" E="1"/>
		<P N="brace_loc_do" V="15" E="1"/>
		<P N="brace_loc_try" V="15" E="1"/>
		<P N="brace_loc_catch" V="15" E="1"/>
		<P N="brace_loc_fun" V="15" E="1"/>
		<P N="comment_indent" V="4" E="1"/>
		<P N="comment_col1_indent" V="4" E="1"/>
		<P N="allow_one_line_block" V="5" E="1"/>
		<P N="st_newline_before_else" V="5" E="1"/>
		<P N="trailing_comment_align" V="2" E="1"/>
		<P N="trailing_comment_value" V="70" E="1"/>
		<P N="indent_from_brace" V="0" E="1"/>
		<P N="label_indent" V="1" E="1"/>
		<P N="sp_return_padparen" V="5" E="1"/>
		<P N="sp_return_rparen" V="5" E="1"/>
		<P N="sp_throw_padparen" V="5" E="1"/>
		<P N="sp_throw_rparen" V="5" E="1"/>
		<P N="sp_expr_lparen" V="5" E="1"/>
		<P N="sp_expr_padparen" V="5" E="1"/>
		<P N="sp_expr_rparen" V="5" E="1"/>
		<P N="sp_stmt_semicolon" V="4" E="1"/>
		<P N="sp_try_lbrace" V="3" E="1"/>
		<P N="brace_follows_case" V="0" E="1"/>
		<P N="nl_indent_lone_else" V="4" E="1"/>
		<P N="rw_force_throw_parens" V="21" E="0"/>
		<P N="rw_force_return_parens" V="21" E="0"/>
		<P N="force_param_void" V="4" E="0"/>
		<P N="sp_cast_lparen" V="5" E="1"/>
		<P N="sp_cast_padparen" V="5" E="1"/>
		<P N="sp_cast_rparen" V="5" E="1"/>
		<P N="blank_before_case" V="1" E="0"/>
		<P N="blank_before_first_case" V="0" E="0"/>
		<P N="bl_start_block_if" V="0" E="0"/>
		<P N="bl_end_block_if" V="0" E="0"/>
		<P N="bl_start_block_for" V="0" E="0"/>
		<P N="bl_end_block_for" V="0" E="0"/>
		<P N="bl_start_block_while" V="0" E="0"/>
		<P N="bl_end_block_while" V="0" E="0"/>
		<P N="bl_start_block_do" V="0" E="0"/>
		<P N="bl_end_block_do" V="0" E="0"/>
		<P N="bl_end_block_switch" V="0" E="0"/>
		<P N="bl_start_block_try" V="0" E="0"/>
		<P N="bl_start_block_catch" V="0" E="0"/>
		<P N="bl_end_block_catch" V="0" E="0"/>
		<P N="bl_start_block_method" V="0" E="0"/>
		<P N="bl_before_locals" V="1" E="0"/>
		<P N="bl_after_locals" V="1" E="0"/>
		<P N="varalign_justification" V="0" E="0"/>
		<P N="braceloc_multiline_cond" V="24" E="1"/>
		<P N="sp_stmt_before_semi" V="5" E="1"/>
		<P N="sp_enum_lbrace" V="1" E="1"/>
		<P N="sp_enum_comma" V="2" E="1"/>
		<P N="st_nl_class" V="5" E="0"/>
		<P N="allow_class_one_line_block" V="4" E="1"/>
		<P N="sp_class_lbrace" V="1" E="1"/>
		<P N="sp_class_comma" V="2" E="1"/>
		<P N="sp_class_colon" V="3" E="1"/>
		<P N="brace_loc_class" V="15" E="1"/>
		<P N="indent_class_body" V="1" E="1"/>
		<P N="bl_before_first_decl" V="0" E="0"/>
		<P N="bl_between_methods" V="0" E="0"/>
		<P N="bl_between_fields" V="0" E="0"/>
		<P N="bl_between_commented_fields" V="1" E="0"/>
		<P N="bl_between_member_classes" V="0" E="0"/>
		<P N="bl_between_different_decls" V="0" E="0"/>
		<P N="bl_between_classes" V="0" E="0"/>
		<P N="bl_between_fn_prototypes" V="1" E="0"/>
		<P N="instvaralign_justification" V="0" E="0"/>
		<P N="sp_tmpldecl_lt" V="5" E="1"/>
		<P N="sp_tmpldecl_pad" V="5" E="1"/>
		<P N="sp_tmpldecl_comma" V="2" E="1"/>
		<P N="sp_tmpldecl_equals" V="3" E="1"/>
		<P N="sp_tmplparm_lt" V="5" E="1"/>
		<P N="sp_tmplparm_pad" V="5" E="1"/>
		<P N="sp_tmplparm_comma" V="2" E="1"/>
		<P N="jd_format_html" V="4" E="0"/>
		<P N="jd_format_pre" V="4" E="0"/>
		<P N="jd_indent_param_desc" V="4" E="0"/>
		<P N="jd_indent_past_param_name" V="4" E="0"/>
		<P N="jd_force_delim_nl" V="4" E="0"/>
		<P N="jd_blank_lines_before_tags" V="1" E="0"/>
		<P N="jd_rm_blank_lines" V="5" E="0"/>
		<P N="jd_between_diff_tags" V="1" E="0"/>
		<P N="jd_between_same_tags" V="0" E="0"/>
		<P N="dox_format_pre" V="4" E="0"/>
		<P N="dox_indent_param_desc" V="4" E="0"/>
		<P N="dox_indent_past_param_name" V="5" E="0"/>
		<P N="dox_force_delim_nl" V="4" E="0"/>
		<P N="dox_after_brief" V="1" E="0"/>
		<P N="dox_rm_blank_lines" V="5" E="0"/>
		<P N="dox_between_diff_tags" V="1" E="0"/>
		<P N="dox_between_same_tags" V="0" E="0"/>
		<P N="xdoc_format_pre" V="4" E="0"/>
		<P N="xdoc_between_diff_tags" V="1" E="0"/>
		<P N="xdoc_between_same_tags" V="0" E="0"/>
		<P N="xdoc_rm_blank_lines" V="4" E="0"/>
		<P N="xdoc_nl_after_opentag" V="4" E="0"/>
		<P N="xdoc_nl_before_closetag" V="4" E="0"/>
		<P N="block_initial_indent" V="4" E="1"/>
		<P N="sp_foreach_colon" V="2" E="1"/>
		<P N="annot_newline" V="4" E="1"/>
		<P N="sp_annot_lparen" V="5" E="1"/>
		<P N="sp_annot_padparen" V="5" E="1"/>
		<P N="sp_annot_rparen" V="4" E="1"/>
		<P N="sp_annot_comma" V="2" E="1"/>
		<P N="annot_newline_package" V="4" E="1"/>
		<P N="annot_newline_field" V="4" E="1"/>
		<P N="annot_newline_method" V="4" E="1"/>
		<P N="annot_newline_parameter" V="4" E="1"/>
		<P N="annot_newline_local" V="4" E="1"/>
		<P N="annot_type_brace_loc" V="15" E="1"/>
		<P N="sp_annot_type_brace" V="1" E="1"/>
		<P N="sp_enum_constbody_lbrace" V="1" E="1"/>
		<P N="enum_braceloc" V="15" E="1"/>
		<P N="enum_constbody_braceloc" V="15" E="1"/>
		<P N="sp_enum_init_lparen" V="5" E="1"/>
		<P N="sp_enum_init_rparen" V="5" E="1"/>
		<P N="sp_enum_init_padding" V="5" E="1"/>
		<P N="sp_enum_eq" V="3" E="1"/>
		<P N="anon_class_braceloc" V="15" E="1"/>
		<P N="sp_anon_class_lbrace" V="1" E="1"/>
		<P N="ind_enum_body" V="1" E="1"/>
		<P N="ind_enum_const_body" V="1" E="1"/>
		<P N="ind_annot_type_body" V="1" E="1"/>
		<P N="sp_arr_init_comma" V="2" E="1"/>
		<P N="sp_arr_init_pad" V="1" E="1"/>
		<P N="nl_array_init_inner_pad" V="0" E="0"/>
		<P N="nl_array_init_outer_pad" V="0" E="0"/>
		<P N="nl_array_init_before_outer_lbrace" V="0" E="0"/>
		<P N="nl_array_init_before_inner_lbrace" V="0" E="0"/>
		<P N="bl_before_package" V="0" E="0"/>
		<P N="bl_after_package" V="1" E="0"/>
		<P N="bl_leave_between_imports" V="1" E="0"/>
		<P N="bl_after_imports" V="2" E="0"/>
		<P N="sp_before_try_lparen" V="4" E="1"/>
		<P N="sp_after_try_rparen" V="4" E="1"/>
		<P N="sp_padparen_try" V="5" E="1"/>
		<P N="bl_before_sync" V="0" E="0"/>
		<P N="bl_after_sync" V="0" E="0"/>
		<P N="sp_sync_lparen" V="4" E="1"/>
		<P N="sp_sync_pad" V="5" E="1"/>
		<P N="sp_sync_rparen" V="4" E="1"/>
		<P N="sp_exception_choice" V="3" E="1"/>
		<P N="braceloc_anonmeth" V="15" E="1"/>
		<P N="indent_fn_relative_to_keyword" V="0" E="1"/>
		<P N="sp_dict_colon" V="2" E="1"/>
	</profile>
	<profile name="My Default" lang="phpscript">
		<P N="syntax_indent" V="4" E="1"/>
		<P N="tab_indent" V="4" E="1"/>
		<P N="indent_policy" V="12" E="1"/>
		<P N="indent_member_access" V="0" E="1"/>
		<P N="access_spec_indent" V="1" E="1"/>
		<P N="indent_case" V="0" E="1"/>
		<P N="case_indent_width" V="4" E="1"/>
		<P N="continuation_width" V="4" E="1"/>
		<P N="funcall_param_align" V="10" E="1"/>
		<P N="st_nl_file" V="4" E="1"/>
		<P N="original_tab" V="4" E="1"/>
		<P N="indent_use_tab" V="1" E="1"/>
		<P N="rm_trailing_ws" V="4" E="1"/>
		<P N="rm_dup_ws" V="0" E="1"/>
		<P N="max_line_len" V="80" E="0"/>
		<P N="indent_preprocessing" V="0" E="1"/>
		<P N="indent_in_block" V="0" E="1"/>
		<P N="indent_guard" V="0" E="1"/>
		<P N="indent_pp_col1" V="0" E="1"/>
		<P N="pp_indent_with_code" V="0" E="1"/>
		<P N="st_nl_empty" V="5" E="1"/>
		<P N="sp_catch_padparen" V="5" E="1"/>
		<P N="sp_switch_lparen" V="4" E="1"/>
		<P N="sp_arrayexpr_lbracket" V="5" E="1"/>
		<P N="sp_arraydecl_lbracket" V="5" E="1"/>
		<P N="st_fundecl_nameline" V="5" E="0"/>
		<P N="st_oneline_dowhile" V="4" E="1"/>
		<P N="sp_op_bitwise" V="3" E="1"/>
		<P N="st_oneline_catch" V="4" E="1"/>
		<P N="sp_for_lparen" V="4" E="1"/>
		<P N="sp_funcall_voidparen" V="5" E="1"/>
		<P N="sp_switch_padparen" V="5" E="1"/>
		<P N="sp_fun_padparen" V="5" E="1"/>
		<P N="sp_if_rparen" V="4" E="1"/>
		<P N="sp_op_bitand" V="0" E="1"/>
		<P N="sp_op_assignment" V="3" E="1"/>
		<P N="sp_for_comma" V="2" E="1"/>
		<P N="sp_funcall_comma" V="2" E="1"/>
		<P N="sp_arrayexpr_rbracket" V="5" E="1"/>
		<P N="sp_op_mult" V="3" E="1"/>
		<P N="sp_arraydecl_rbracket" V="4" E="1"/>
		<P N="sp_for_lbrace" V="1" E="0"/>
		<P N="st_oneline_then" V="4" E="1"/>
		<P N="sp_catch_lparen" V="4" E="1"/>
		<P N="sp_member_dot" V="0" E="1"/>
		<P N="sp_for_rparen" V="4" E="1"/>
		<P N="sp_while_rparen" V="4" E="1"/>
		<P N="sp_ret_parexpr" V="4" E="1"/>
		<P N="sp_throw_parexpr" V="4" E="1"/>
		<P N="st_oneline_statement" V="4" E="1"/>
		<P N="st_oneline_elsif" V="4" E="1"/>
		<P N="sp_op_unary" V="0" E="1"/>
		<P N="sp_op_binary" V="3" E="1"/>
		<P N="sp_op_comparison" V="3" E="1"/>
		<P N="sp_catch_rparen" V="4" E="1"/>
		<P N="sp_fun_lparen" V="5" E="1"/>
		<P N="sp_fun_voidparen" V="5" E="1"/>
		<P N="sp_while_lbrace" V="1" E="1"/>
		<P N="sp_switch_lbrace" V="1" E="1"/>
		<P N="sp_op_logical" V="3" E="1"/>
		<P N="sp_for_semicolon" V="2" E="1"/>
		<P N="st_nl_fn" V="4" E="0"/>
		<P N="sp_funcall_rparen" V="5" E="1"/>
		<P N="sp_funcall_lparen" V="5" E="1"/>
		<P N="sp_fun_comma" V="2" E="1"/>
		<P N="st_leave_declmult" V="4" E="1"/>
		<P N="sp_catch_lbrace" V="1" E="1"/>
		<P N="sp_fun_lbrace" V="3" E="1"/>
		<P N="sp_if_lbrace" V="1" E="1"/>
		<P N="sp_for_padparen" V="5" E="1"/>
		<P N="sp_switch_rparen" V="4" E="1"/>
		<P N="sp_op_prefix" V="0" E="1"/>
		<P N="sp_funcall_padparen" V="5" E="1"/>
		<P N="sp_while_padparen" V="5" E="1"/>
		<P N="sp_while_lparen" V="4" E="1"/>
		<P N="sp_fun_rparen" V="4" E="1"/>
		<P N="st_leave_stmtmult" V="4" E="1"/>
		<P N="sp_arrayexpr_padbracket" V="5" E="1"/>
		<P N="sp_arraydecl_padbracket" V="5" E="1"/>
		<P N="st_oneline_else" V="4" E="1"/>
		<P N="st_nl_case" V="4" E="1"/>
		<P N="sp_op_postfix" V="0" E="1"/>
		<P N="sp_if_lparen" V="4" E="1"/>
		<P N="sp_if_padparen" V="5" E="1"/>
		<P N="indent_first_level" V="1" E="1"/>
		<P N="indent_goto" V="0" E="1"/>
		<P N="align_on_equals" V="0" E="1"/>
		<P N="exp_paren_align" V="8" E="1"/>
		<P N="brace_loc_if" V="15" E="1"/>
		<P N="brace_loc_for" V="15" E="1"/>
		<P N="brace_loc_while" V="15" E="1"/>
		<P N="brace_loc_switch" V="15" E="1"/>
		<P N="brace_loc_do" V="15" E="1"/>
		<P N="brace_loc_try" V="15" E="1"/>
		<P N="brace_loc_catch" V="15" E="1"/>
		<P N="brace_loc_fun" V="15" E="1"/>
		<P N="comment_indent" V="4" E="1"/>
		<P N="comment_col1_indent" V="5" E="1"/>
		<P N="allow_one_line_block" V="5" E="1"/>
		<P N="st_newline_before_else" V="5" E="1"/>
		<P N="trailing_comment_align" V="2" E="1"/>
		<P N="trailing_comment_value" V="70" E="1"/>
		<P N="indent_from_brace" V="0" E="1"/>
		<P N="label_indent" V="1" E="1"/>
		<P N="sp_return_padparen" V="5" E="1"/>
		<P N="sp_return_rparen" V="5" E="1"/>
		<P N="sp_throw_padparen" V="5" E="1"/>
		<P N="sp_throw_rparen" V="5" E="1"/>
		<P N="sp_expr_lparen" V="5" E="1"/>
		<P N="sp_expr_padparen" V="5" E="1"/>
		<P N="sp_expr_rparen" V="5" E="1"/>
		<P N="sp_stmt_semicolon" V="4" E="1"/>
		<P N="sp_try_lbrace" V="3" E="1"/>
		<P N="brace_follows_case" V="0" E="1"/>
		<P N="nl_indent_lone_else" V="4" E="1"/>
		<P N="rw_force_throw_parens" V="21" E="0"/>
		<P N="rw_force_return_parens" V="21" E="0"/>
		<P N="force_param_void" V="4" E="0"/>
		<P N="sp_cast_lparen" V="5" E="1"/>
		<P N="sp_cast_padparen" V="5" E="1"/>
		<P N="sp_cast_rparen" V="5" E="1"/>
		<P N="blank_before_case" V="1" E="0"/>
		<P N="blank_before_first_case" V="0" E="0"/>
		<P N="bl_start_block_if" V="0" E="0"/>
		<P N="bl_end_block_if" V="0" E="0"/>
		<P N="bl_start_block_for" V="0" E="0"/>
		<P N="bl_end_block_for" V="0" E="0"/>
		<P N="bl_start_block_while" V="0" E="0"/>
		<P N="bl_end_block_while" V="0" E="0"/>
		<P N="bl_start_block_do" V="0" E="0"/>
		<P N="bl_end_block_do" V="0" E="0"/>
		<P N="bl_end_block_switch" V="0" E="0"/>
		<P N="bl_start_block_try" V="0" E="0"/>
		<P N="bl_start_block_catch" V="0" E="0"/>
		<P N="bl_end_block_catch" V="0" E="0"/>
		<P N="bl_start_block_method" V="0" E="0"/>
		<P N="bl_before_locals" V="1" E="0"/>
		<P N="bl_after_locals" V="1" E="0"/>
		<P N="varalign_justification" V="0" E="0"/>
		<P N="braceloc_multiline_cond" V="24" E="1"/>
		<P N="sp_stmt_before_semi" V="5" E="1"/>
		<P N="sp_fun_colon" V="3" E="1"/>
		<P N="st_nl_class" V="5" E="0"/>
		<P N="allow_class_one_line_block" V="4" E="1"/>
		<P N="sp_class_lbrace" V="1" E="1"/>
		<P N="sp_class_comma" V="2" E="1"/>
		<P N="sp_class_colon" V="3" E="1"/>
		<P N="brace_loc_class" V="15" E="1"/>
		<P N="indent_class_body" V="1" E="1"/>
		<P N="bl_before_first_decl" V="0" E="0"/>
		<P N="bl_between_methods" V="0" E="0"/>
		<P N="bl_between_fields" V="0" E="0"/>
		<P N="bl_between_commented_fields" V="1" E="0"/>
		<P N="bl_between_member_classes" V="0" E="0"/>
		<P N="bl_between_different_decls" V="0" E="0"/>
		<P N="bl_between_classes" V="0" E="0"/>
		<P N="bl_between_fn_prototypes" V="1" E="0"/>
		<P N="instvaralign_justification" V="0" E="0"/>
		<P N="sp_tmpldecl_lt" V="5" E="1"/>
		<P N="sp_tmpldecl_pad" V="5" E="1"/>
		<P N="sp_tmpldecl_comma" V="2" E="1"/>
		<P N="sp_tmpldecl_equals" V="3" E="1"/>
		<P N="sp_tmplparm_lt" V="5" E="1"/>
		<P N="sp_tmplparm_pad" V="5" E="1"/>
		<P N="sp_tmplparm_comma" V="2" E="1"/>
		<P N="jd_format_html" V="4" E="0"/>
		<P N="jd_format_pre" V="4" E="0"/>
		<P N="jd_indent_param_desc" V="4" E="0"/>
		<P N="jd_indent_past_param_name" V="4" E="0"/>
		<P N="jd_force_delim_nl" V="4" E="0"/>
		<P N="jd_blank_lines_before_tags" V="1" E="0"/>
		<P N="jd_rm_blank_lines" V="5" E="0"/>
		<P N="jd_between_diff_tags" V="1" E="0"/>
		<P N="jd_between_same_tags" V="0" E="0"/>
		<P N="dox_format_pre" V="4" E="0"/>
		<P N="dox_indent_param_desc" V="4" E="0"/>
		<P N="dox_indent_past_param_name" V="5" E="0"/>
		<P N="dox_force_delim_nl" V="4" E="0"/>
		<P N="dox_after_brief" V="1" E="0"/>
		<P N="dox_rm_blank_lines" V="5" E="0"/>
		<P N="dox_between_diff_tags" V="1" E="0"/>
		<P N="dox_between_same_tags" V="0" E="0"/>
		<P N="xdoc_format_pre" V="4" E="0"/>
		<P N="xdoc_between_diff_tags" V="1" E="0"/>
		<P N="xdoc_between_same_tags" V="0" E="0"/>
		<P N="xdoc_rm_blank_lines" V="4" E="0"/>
		<P N="xdoc_nl_after_opentag" V="4" E="0"/>
		<P N="xdoc_nl_before_closetag" V="4" E="0"/>
		<P N="nl_before_where" V="5" E="0"/>
		<P N="nl_after_comma" V="4" E="0"/>
		<P N="sp_where_comma" V="2" E="1"/>
		<P N="sp_where_colon" V="2" E="1"/>
		<P N="braceloc_namespace" V="15" E="1"/>
		<P N="braceloc_using" V="15" E="1"/>
		<P N="sp_using_lparen" V="4" E="1"/>
		<P N="sp_using_padparen" V="5" E="1"/>
		<P N="sp_using_rparen" V="4" E="1"/>
		<P N="sp_using_comma" V="2" E="1"/>
		<P N="braceloc_property" V="15" E="1"/>
		<P N="braceloc_outer_property" V="15" E="1"/>
		<P N="sp_lock_lparen" V="4" E="1"/>
		<P N="sp_lock_rparen" V="4" E="1"/>
		<P N="sp_lock_padparen" V="5" E="1"/>
		<P N="braceloc_lock" V="15" E="1"/>
		<P N="bl_start_block_lock" V="0" E="0"/>
		<P N="bl_end_block_lock" V="0" E="0"/>
		<P N="bl_start_block_using" V="0" E="0"/>
		<P N="bl_end_block_using" V="0" E="0"/>
		<P N="braceloc_anonmeth" V="15" E="1"/>
		<P N="braceloc_enum" V="15" E="1"/>
	</profile>
	<profile name="My Default" lang="systemverilog">
		<P N="syntax_indent" V="4" E="1"/>
		<P N="tab_indent" V="4" E="1"/>
		<P N="indent_policy" V="12" E="1"/>
		<P N="indent_member_access" V="0" E="1"/>
		<P N="access_spec_indent" V="1" E="1"/>
		<P N="indent_case" V="0" E="1"/>
		<P N="case_indent_width" V="4" E="1"/>
		<P N="continuation_width" V="4" E="1"/>
		<P N="funcall_param_align" V="10" E="1"/>
		<P N="st_nl_file" V="4" E="1"/>
		<P N="original_tab" V="4" E="1"/>
		<P N="indent_use_tab" V="1" E="1"/>
		<P N="rm_trailing_ws" V="4" E="1"/>
		<P N="rm_dup_ws" V="0" E="1"/>
		<P N="max_line_len" V="80" E="0"/>
		<P N="indent_preprocessing" V="0" E="1"/>
		<P N="indent_in_block" V="0" E="1"/>
		<P N="indent_guard" V="0" E="1"/>
		<P N="indent_pp_col1" V="0" E="1"/>
		<P N="pp_indent_with_code" V="0" E="1"/>
		<P N="st_nl_empty" V="5" E="1"/>
		<P N="sp_catch_padparen" V="5" E="1"/>
		<P N="sp_switch_lparen" V="4" E="1"/>
		<P N="sp_arrayexpr_lbracket" V="5" E="1"/>
		<P N="sp_arraydecl_lbracket" V="5" E="1"/>
		<P N="st_fundecl_nameline" V="5" E="0"/>
		<P N="st_oneline_dowhile" V="4" E="1"/>
		<P N="sp_op_bitwise" V="3" E="1"/>
		<P N="st_oneline_catch" V="4" E="1"/>
		<P N="sp_for_lparen" V="4" E="1"/>
		<P N="sp_funcall_voidparen" V="5" E="1"/>
		<P N="sp_switch_padparen" V="5" E="1"/>
		<P N="sp_fun_padparen" V="5" E="1"/>
		<P N="sp_if_rparen" V="4" E="1"/>
		<P N="sp_op_bitand" V="0" E="1"/>
		<P N="sp_op_assignment" V="3" E="1"/>
		<P N="sp_for_comma" V="2" E="1"/>
		<P N="sp_funcall_comma" V="2" E="1"/>
		<P N="sp_arrayexpr_rbracket" V="5" E="1"/>
		<P N="sp_op_mult" V="3" E="1"/>
		<P N="sp_arraydecl_rbracket" V="4" E="1"/>
		<P N="sp_for_lbrace" V="1" E="0"/>
		<P N="st_oneline_then" V="5" E="1"/>
		<P N="sp_catch_lparen" V="4" E="1"/>
		<P N="sp_member_dot" V="0" E="1"/>
		<P N="sp_for_rparen" V="4" E="1"/>
		<P N="sp_while_rparen" V="4" E="1"/>
		<P N="sp_ret_parexpr" V="4" E="1"/>
		<P N="sp_throw_parexpr" V="4" E="1"/>
		<P N="st_oneline_statement" V="5" E="1"/>
		<P N="st_oneline_elsif" V="4" E="1"/>
		<P N="sp_op_unary" V="0" E="1"/>
		<P N="sp_op_binary" V="3" E="1"/>
		<P N="sp_op_comparison" V="3" E="1"/>
		<P N="sp_catch_rparen" V="4" E="1"/>
		<P N="sp_fun_lparen" V="5" E="1"/>
		<P N="sp_fun_voidparen" V="5" E="1"/>
		<P N="sp_while_lbrace" V="1" E="1"/>
		<P N="sp_switch_lbrace" V="1" E="1"/>
		<P N="sp_op_logical" V="3" E="1"/>
		<P N="sp_for_semicolon" V="2" E="1"/>
		<P N="st_nl_fn" V="4" E="0"/>
		<P N="sp_funcall_rparen" V="5" E="1"/>
		<P N="sp_funcall_lparen" V="5" E="1"/>
		<P N="sp_fun_comma" V="2" E="1"/>
		<P N="st_leave_declmult" V="4" E="1"/>
		<P N="sp_catch_lbrace" V="1" E="1"/>
		<P N="sp_fun_lbrace" V="3" E="1"/>
		<P N="sp_if_lbrace" V="1" E="1"/>
		<P N="sp_for_padparen" V="5" E="1"/>
		<P N="sp_switch_rparen" V="4" E="1"/>
		<P N="sp_op_prefix" V="0" E="1"/>
		<P N="sp_funcall_padparen" V="5" E="1"/>
		<P N="sp_while_padparen" V="5" E="1"/>
		<P N="sp_while_lparen" V="4" E="1"/>
		<P N="sp_fun_rparen" V="5" E="1"/>
		<P N="st_leave_stmtmult" V="4" E="1"/>
		<P N="sp_arrayexpr_padbracket" V="5" E="1"/>
		<P N="sp_arraydecl_padbracket" V="5" E="1"/>
		<P N="st_oneline_else" V="5" E="1"/>
		<P N="st_nl_case" V="4" E="1"/>
		<P N="sp_op_postfix" V="0" E="1"/>
		<P N="sp_if_lparen" V="4" E="1"/>
		<P N="sp_if_padparen" V="5" E="1"/>
		<P N="indent_first_level" V="1" E="1"/>
		<P N="indent_goto" V="0" E="1"/>
		<P N="align_on_equals" V="0" E="1"/>
		<P N="exp_paren_align" V="8" E="1"/>
		<P N="brace_loc_if" V="15" E="1"/>
		<P N="brace_loc_for" V="15" E="1"/>
		<P N="brace_loc_while" V="15" E="1"/>
		<P N="brace_loc_switch" V="15" E="1"/>
		<P N="brace_loc_do" V="15" E="1"/>
		<P N="brace_loc_try" V="15" E="1"/>
		<P N="brace_loc_catch" V="15" E="1"/>
		<P N="brace_loc_fun" V="15" E="1"/>
		<P N="comment_indent" V="4" E="1"/>
		<P N="comment_col1_indent" V="4" E="1"/>
		<P N="allow_one_line_block" V="5" E="1"/>
		<P N="st_newline_before_else" V="5" E="1"/>
		<P N="trailing_comment_align" V="2" E="1"/>
		<P N="trailing_comment_value" V="70" E="1"/>
		<P N="indent_from_brace" V="0" E="1"/>
		<P N="label_indent" V="1" E="1"/>
		<P N="sp_return_padparen" V="5" E="1"/>
		<P N="sp_return_rparen" V="5" E="1"/>
		<P N="sp_throw_padparen" V="5" E="1"/>
		<P N="sp_throw_rparen" V="5" E="1"/>
		<P N="sp_expr_lparen" V="5" E="1"/>
		<P N="sp_expr_padparen" V="5" E="1"/>
		<P N="sp_expr_rparen" V="5" E="1"/>
		<P N="sp_stmt_semicolon" V="4" E="1"/>
		<P N="sp_try_lbrace" V="3" E="1"/>
		<P N="brace_follows_case" V="0" E="1"/>
		<P N="nl_indent_lone_else" V="4" E="1"/>
		<P N="rw_force_throw_parens" V="21" E="0"/>
		<P N="rw_force_return_parens" V="21" E="0"/>
		<P N="force_param_void" V="4" E="0"/>
		<P N="sp_cast_lparen" V="5" E="1"/>
		<P N="sp_cast_padparen" V="5" E="1"/>
		<P N="sp_cast_rparen" V="5" E="1"/>
		<P N="blank_before_case" V="1" E="0"/>
		<P N="blank_before_first_case" V="0" E="0"/>
		<P N="bl_start_block_if" V="0" E="0"/>
		<P N="bl_end_block_if" V="0" E="0"/>
		<P N="bl_start_block_for" V="0" E="0"/>
		<P N="bl_end_block_for" V="0" E="0"/>
		<P N="bl_start_block_while" V="0" E="0"/>
		<P N="bl_end_block_while" V="0" E="0"/>
		<P N="bl_start_block_do" V="0" E="0"/>
		<P N="bl_end_block_do" V="0" E="0"/>
		<P N="bl_end_block_switch" V="0" E="0"/>
		<P N="bl_start_block_try" V="0" E="0"/>
		<P N="bl_start_block_catch" V="0" E="0"/>
		<P N="bl_end_block_catch" V="0" E="0"/>
		<P N="bl_start_block_method" V="0" E="0"/>
		<P N="bl_before_locals" V="1" E="0"/>
		<P N="bl_after_locals" V="1" E="0"/>
		<P N="varalign_justification" V="0" E="0"/>
		<P N="braceloc_multiline_cond" V="24" E="1"/>
		<P N="sp_stmt_before_semi" V="5" E="1"/>
		<P N="sp_fun_colon" V="3" E="1"/>
		<P N="st_nl_class" V="5" E="0"/>
		<P N="allow_class_one_line_block" V="4" E="1"/>
		<P N="sp_class_lbrace" V="1" E="1"/>
		<P N="sp_class_comma" V="2" E="1"/>
		<P N="sp_class_colon" V="3" E="1"/>
		<P N="brace_loc_class" V="15" E="1"/>
		<P N="indent_class_body" V="1" E="1"/>
		<P N="bl_before_first_decl" V="0" E="0"/>
		<P N="bl_between_methods" V="0" E="0"/>
		<P N="bl_between_fields" V="0" E="0"/>
		<P N="bl_between_commented_fields" V="1" E="0"/>
		<P N="bl_between_member_classes" V="0" E="0"/>
		<P N="bl_between_different_decls" V="0" E="0"/>
		<P N="bl_between_classes" V="0" E="0"/>
		<P N="bl_between_fn_prototypes" V="1" E="0"/>
		<P N="instvaralign_justification" V="0" E="0"/>
		<P N="sp_tmpldecl_lt" V="5" E="1"/>
		<P N="sp_tmpldecl_pad" V="5" E="1"/>
		<P N="sp_tmpldecl_comma" V="2" E="1"/>
		<P N="sp_tmpldecl_equals" V="3" E="1"/>
		<P N="sp_tmplparm_lt" V="5" E="1"/>
		<P N="sp_tmplparm_pad" V="5" E="1"/>
		<P N="sp_tmplparm_comma" V="2" E="1"/>
		<P N="jd_format_html" V="4" E="0"/>
		<P N="jd_format_pre" V="4" E="0"/>
		<P N="jd_indent_param_desc" V="4" E="0"/>
		<P N="jd_indent_past_param_name" V="4" E="0"/>
		<P N="jd_force_delim_nl" V="4" E="0"/>
		<P N="jd_blank_lines_before_tags" V="1" E="0"/>
		<P N="jd_rm_blank_lines" V="5" E="0"/>
		<P N="jd_between_diff_tags" V="1" E="0"/>
		<P N="jd_between_same_tags" V="0" E="0"/>
		<P N="dox_format_pre" V="4" E="0"/>
		<P N="dox_indent_param_desc" V="4" E="0"/>
		<P N="dox_indent_past_param_name" V="5" E="0"/>
		<P N="dox_force_delim_nl" V="4" E="0"/>
		<P N="dox_after_brief" V="1" E="0"/>
		<P N="dox_rm_blank_lines" V="5" E="0"/>
		<P N="dox_between_diff_tags" V="1" E="0"/>
		<P N="dox_between_same_tags" V="0" E="0"/>
		<P N="xdoc_format_pre" V="4" E="0"/>
		<P N="xdoc_between_diff_tags" V="1" E="0"/>
		<P N="xdoc_between_same_tags" V="0" E="0"/>
		<P N="xdoc_rm_blank_lines" V="4" E="0"/>
		<P N="xdoc_nl_after_opentag" V="4" E="0"/>
		<P N="xdoc_nl_before_closetag" V="4" E="0"/>
		<P N="nl_before_where" V="5" E="0"/>
		<P N="nl_after_comma" V="4" E="0"/>
		<P N="sp_where_comma" V="2" E="1"/>
		<P N="sp_where_colon" V="2" E="1"/>
		<P N="braceloc_namespace" V="15" E="1"/>
		<P N="braceloc_using" V="15" E="1"/>
		<P N="sp_using_lparen" V="4" E="1"/>
		<P N="sp_using_padparen" V="5" E="1"/>
		<P N="sp_using_rparen" V="4" E="1"/>
		<P N="sp_using_comma" V="2" E="1"/>
		<P N="braceloc_property" V="15" E="1"/>
		<P N="braceloc_outer_property" V="15" E="1"/>
		<P N="sp_lock_lparen" V="4" E="1"/>
		<P N="sp_lock_rparen" V="4" E="1"/>
		<P N="sp_lock_padparen" V="5" E="1"/>
		<P N="braceloc_lock" V="15" E="1"/>
		<P N="bl_start_block_lock" V="0" E="0"/>
		<P N="bl_end_block_lock" V="0" E="0"/>
		<P N="bl_start_block_using" V="0" E="0"/>
		<P N="bl_end_block_using" V="0" E="0"/>
		<P N="braceloc_anonmeth" V="15" E="1"/>
		<P N="braceloc_enum" V="15" E="1"/>
		<P N="brace_style_fork" V="13" E="1"/>
		<P N="align_vars" V="0" E="1"/>
		<P N="varname_justification" V="0" E="1"/>
		<P N="force_nl_after_var_commas" V="4" E="1"/>
		<P N="align_assignments" V="0" E="1"/>
		<P N="align_module_instantiations" V="0" E="1"/>
		<P N="align_module_parameters" V="0" E="1"/>
	</profile>
	<profile name="My Default" lang="verilog">
		<P N="syntax_indent" V="4" E="1"/>
		<P N="tab_indent" V="4" E="1"/>
		<P N="indent_policy" V="12" E="1"/>
		<P N="indent_member_access" V="0" E="1"/>
		<P N="access_spec_indent" V="1" E="1"/>
		<P N="indent_case" V="0" E="1"/>
		<P N="case_indent_width" V="4" E="1"/>
		<P N="continuation_width" V="4" E="1"/>
		<P N="funcall_param_align" V="10" E="1"/>
		<P N="st_nl_file" V="4" E="1"/>
		<P N="original_tab" V="4" E="1"/>
		<P N="indent_use_tab" V="1" E="1"/>
		<P N="rm_trailing_ws" V="4" E="1"/>
		<P N="rm_dup_ws" V="0" E="1"/>
		<P N="max_line_len" V="80" E="0"/>
		<P N="indent_preprocessing" V="0" E="1"/>
		<P N="indent_in_block" V="0" E="1"/>
		<P N="indent_guard" V="0" E="1"/>
		<P N="indent_pp_col1" V="0" E="1"/>
		<P N="pp_indent_with_code" V="0" E="1"/>
		<P N="st_nl_empty" V="5" E="1"/>
		<P N="sp_catch_padparen" V="5" E="1"/>
		<P N="sp_switch_lparen" V="4" E="1"/>
		<P N="sp_arrayexpr_lbracket" V="5" E="1"/>
		<P N="sp_arraydecl_lbracket" V="5" E="1"/>
		<P N="st_fundecl_nameline" V="5" E="0"/>
		<P N="st_oneline_dowhile" V="4" E="1"/>
		<P N="sp_op_bitwise" V="3" E="1"/>
		<P N="st_oneline_catch" V="4" E="1"/>
		<P N="sp_for_lparen" V="4" E="1"/>
		<P N="sp_funcall_voidparen" V="5" E="1"/>
		<P N="sp_switch_padparen" V="5" E="1"/>
		<P N="sp_fun_padparen" V="5" E="1"/>
		<P N="sp_if_rparen" V="4" E="1"/>
		<P N="sp_op_bitand" V="0" E="1"/>
		<P N="sp_op_assignment" V="3" E="1"/>
		<P N="sp_for_comma" V="2" E="1"/>
		<P N="sp_funcall_comma" V="2" E="1"/>
		<P N="sp_arrayexpr_rbracket" V="5" E="1"/>
		<P N="sp_op_mult" V="3" E="1"/>
		<P N="sp_arraydecl_rbracket" V="4" E="1"/>
		<P N="sp_for_lbrace" V="1" E="0"/>
		<P N="st_oneline_then" V="5" E="1"/>
		<P N="sp_catch_lparen" V="4" E="1"/>
		<P N="sp_member_dot" V="0" E="1"/>
		<P N="sp_for_rparen" V="4" E="1"/>
		<P N="sp_while_rparen" V="4" E="1"/>
		<P N="sp_ret_parexpr" V="4" E="1"/>
		<P N="sp_throw_parexpr" V="4" E="1"/>
		<P N="st_oneline_statement" V="5" E="1"/>
		<P N="st_oneline_elsif" V="4" E="1"/>
		<P N="sp_op_unary" V="0" E="1"/>
		<P N="sp_op_binary" V="3" E="1"/>
		<P N="sp_op_comparison" V="3" E="1"/>
		<P N="sp_catch_rparen" V="4" E="1"/>
		<P N="sp_fun_lparen" V="5" E="1"/>
		<P N="sp_fun_voidparen" V="5" E="1"/>
		<P N="sp_while_lbrace" V="1" E="1"/>
		<P N="sp_switch_lbrace" V="1" E="1"/>
		<P N="sp_op_logical" V="3" E="1"/>
		<P N="sp_for_semicolon" V="2" E="1"/>
		<P N="st_nl_fn" V="4" E="0"/>
		<P N="sp_funcall_rparen" V="5" E="1"/>
		<P N="sp_funcall_lparen" V="5" E="1"/>
		<P N="sp_fun_comma" V="2" E="1"/>
		<P N="st_leave_declmult" V="4" E="1"/>
		<P N="sp_catch_lbrace" V="1" E="1"/>
		<P N="sp_fun_lbrace" V="3" E="1"/>
		<P N="sp_if_lbrace" V="1" E="1"/>
		<P N="sp_for_padparen" V="5" E="1"/>
		<P N="sp_switch_rparen" V="4" E="1"/>
		<P N="sp_op_prefix" V="0" E="1"/>
		<P N="sp_funcall_padparen" V="5" E="1"/>
		<P N="sp_while_padparen" V="5" E="1"/>
		<P N="sp_while_lparen" V="4" E="1"/>
		<P N="sp_fun_rparen" V="5" E="1"/>
		<P N="st_leave_stmtmult" V="4" E="1"/>
		<P N="sp_arrayexpr_padbracket" V="5" E="1"/>
		<P N="sp_arraydecl_padbracket" V="5" E="1"/>
		<P N="st_oneline_else" V="5" E="1"/>
		<P N="st_nl_case" V="4" E="1"/>
		<P N="sp_op_postfix" V="0" E="1"/>
		<P N="sp_if_lparen" V="4" E="1"/>
		<P N="sp_if_padparen" V="5" E="1"/>
		<P N="indent_first_level" V="1" E="1"/>
		<P N="indent_goto" V="0" E="1"/>
		<P N="align_on_equals" V="0" E="1"/>
		<P N="exp_paren_align" V="8" E="1"/>
		<P N="brace_loc_if" V="15" E="1"/>
		<P N="brace_loc_for" V="15" E="1"/>
		<P N="brace_loc_while" V="15" E="1"/>
		<P N="brace_loc_switch" V="15" E="1"/>
		<P N="brace_loc_do" V="15" E="1"/>
		<P N="brace_loc_try" V="15" E="1"/>
		<P N="brace_loc_catch" V="15" E="1"/>
		<P N="brace_loc_fun" V="15" E="1"/>
		<P N="comment_indent" V="4" E="1"/>
		<P N="comment_col1_indent" V="4" E="1"/>
		<P N="allow_one_line_block" V="5" E="1"/>
		<P N="st_newline_before_else" V="5" E="1"/>
		<P N="trailing_comment_align" V="2" E="1"/>
		<P N="trailing_comment_value" V="70" E="1"/>
		<P N="indent_from_brace" V="0" E="1"/>
		<P N="label_indent" V="1" E="1"/>
		<P N="sp_return_padparen" V="5" E="1"/>
		<P N="sp_return_rparen" V="5" E="1"/>
		<P N="sp_throw_padparen" V="5" E="1"/>
		<P N="sp_throw_rparen" V="5" E="1"/>
		<P N="sp_expr_lparen" V="5" E="1"/>
		<P N="sp_expr_padparen" V="5" E="1"/>
		<P N="sp_expr_rparen" V="5" E="1"/>
		<P N="sp_stmt_semicolon" V="4" E="1"/>
		<P N="sp_try_lbrace" V="3" E="1"/>
		<P N="brace_follows_case" V="0" E="1"/>
		<P N="nl_indent_lone_else" V="4" E="1"/>
		<P N="rw_force_throw_parens" V="21" E="0"/>
		<P N="rw_force_return_parens" V="21" E="0"/>
		<P N="force_param_void" V="4" E="0"/>
		<P N="sp_cast_lparen" V="5" E="1"/>
		<P N="sp_cast_padparen" V="5" E="1"/>
		<P N="sp_cast_rparen" V="5" E="1"/>
		<P N="blank_before_case" V="1" E="0"/>
		<P N="blank_before_first_case" V="0" E="0"/>
		<P N="bl_start_block_if" V="0" E="0"/>
		<P N="bl_end_block_if" V="0" E="0"/>
		<P N="bl_start_block_for" V="0" E="0"/>
		<P N="bl_end_block_for" V="0" E="0"/>
		<P N="bl_start_block_while" V="0" E="0"/>
		<P N="bl_end_block_while" V="0" E="0"/>
		<P N="bl_start_block_do" V="0" E="0"/>
		<P N="bl_end_block_do" V="0" E="0"/>
		<P N="bl_end_block_switch" V="0" E="0"/>
		<P N="bl_start_block_try" V="0" E="0"/>
		<P N="bl_start_block_catch" V="0" E="0"/>
		<P N="bl_end_block_catch" V="0" E="0"/>
		<P N="bl_start_block_method" V="0" E="0"/>
		<P N="bl_before_locals" V="1" E="0"/>
		<P N="bl_after_locals" V="1" E="0"/>
		<P N="varalign_justification" V="0" E="0"/>
		<P N="braceloc_multiline_cond" V="24" E="1"/>
		<P N="sp_stmt_before_semi" V="5" E="1"/>
		<P N="sp_fun_colon" V="3" E="1"/>
		<P N="st_nl_class" V="5" E="0"/>
		<P N="allow_class_one_line_block" V="4" E="1"/>
		<P N="sp_class_lbrace" V="1" E="1"/>
		<P N="sp_class_comma" V="2" E="1"/>
		<P N="sp_class_colon" V="3" E="1"/>
		<P N="brace_loc_class" V="15" E="1"/>
		<P N="indent_class_body" V="1" E="1"/>
		<P N="bl_before_first_decl" V="0" E="0"/>
		<P N="bl_between_methods" V="0" E="0"/>
		<P N="bl_between_fields" V="0" E="0"/>
		<P N="bl_between_commented_fields" V="1" E="0"/>
		<P N="bl_between_member_classes" V="0" E="0"/>
		<P N="bl_between_different_decls" V="0" E="0"/>
		<P N="bl_between_classes" V="0" E="0"/>
		<P N="bl_between_fn_prototypes" V="1" E="0"/>
		<P N="instvaralign_justification" V="0" E="0"/>
		<P N="sp_tmpldecl_lt" V="5" E="1"/>
		<P N="sp_tmpldecl_pad" V="5" E="1"/>
		<P N="sp_tmpldecl_comma" V="2" E="1"/>
		<P N="sp_tmpldecl_equals" V="3" E="1"/>
		<P N="sp_tmplparm_lt" V="5" E="1"/>
		<P N="sp_tmplparm_pad" V="5" E="1"/>
		<P N="sp_tmplparm_comma" V="2" E="1"/>
		<P N="jd_format_html" V="4" E="0"/>
		<P N="jd_format_pre" V="4" E="0"/>
		<P N="jd_indent_param_desc" V="4" E="0"/>
		<P N="jd_indent_past_param_name" V="4" E="0"/>
		<P N="jd_force_delim_nl" V="4" E="0"/>
		<P N="jd_blank_lines_before_tags" V="1" E="0"/>
		<P N="jd_rm_blank_lines" V="5" E="0"/>
		<P N="jd_between_diff_tags" V="1" E="0"/>
		<P N="jd_between_same_tags" V="0" E="0"/>
		<P N="dox_format_pre" V="4" E="0"/>
		<P N="dox_indent_param_desc" V="4" E="0"/>
		<P N="dox_indent_past_param_name" V="5" E="0"/>
		<P N="dox_force_delim_nl" V="4" E="0"/>
		<P N="dox_after_brief" V="1" E="0"/>
		<P N="dox_rm_blank_lines" V="5" E="0"/>
		<P N="dox_between_diff_tags" V="1" E="0"/>
		<P N="dox_between_same_tags" V="0" E="0"/>
		<P N="xdoc_format_pre" V="4" E="0"/>
		<P N="xdoc_between_diff_tags" V="1" E="0"/>
		<P N="xdoc_between_same_tags" V="0" E="0"/>
		<P N="xdoc_rm_blank_lines" V="4" E="0"/>
		<P N="xdoc_nl_after_opentag" V="4" E="0"/>
		<P N="xdoc_nl_before_closetag" V="4" E="0"/>
		<P N="nl_before_where" V="5" E="0"/>
		<P N="nl_after_comma" V="4" E="0"/>
		<P N="sp_where_comma" V="2" E="1"/>
		<P N="sp_where_colon" V="2" E="1"/>
		<P N="braceloc_namespace" V="15" E="1"/>
		<P N="braceloc_using" V="15" E="1"/>
		<P N="sp_using_lparen" V="4" E="1"/>
		<P N="sp_using_padparen" V="5" E="1"/>
		<P N="sp_using_rparen" V="4" E="1"/>
		<P N="sp_using_comma" V="2" E="1"/>
		<P N="braceloc_property" V="15" E="1"/>
		<P N="braceloc_outer_property" V="15" E="1"/>
		<P N="sp_lock_lparen" V="4" E="1"/>
		<P N="sp_lock_rparen" V="4" E="1"/>
		<P N="sp_lock_padparen" V="5" E="1"/>
		<P N="braceloc_lock" V="15" E="1"/>
		<P N="bl_start_block_lock" V="0" E="0"/>
		<P N="bl_end_block_lock" V="0" E="0"/>
		<P N="bl_start_block_using" V="0" E="0"/>
		<P N="bl_end_block_using" V="0" E="0"/>
		<P N="braceloc_anonmeth" V="15" E="1"/>
		<P N="braceloc_enum" V="15" E="1"/>
		<P N="brace_style_fork" V="13" E="1"/>
		<P N="align_vars" V="0" E="1"/>
		<P N="varname_justification" V="0" E="1"/>
		<P N="force_nl_after_var_commas" V="4" E="1"/>
		<P N="align_assignments" V="0" E="1"/>
		<P N="align_module_instantiations" V="0" E="1"/>
		<P N="align_module_parameters" V="0" E="1"/>
	</profile>
</profiles>
